Total Number of Aligned Reads:	183045	Total Number of Mapped Genomes:	5856
Genome	Final Guess	Final Best Hit	Final Best Hit Read Numbers	Final High Confidence Hits	Final Low Confidence Hits	Initial Guess	Initial Best Hit	Initial Best Hit Read Numbers	Initial High Confidence Hits	Initial Low Confidence Hits
ti|1969841|org|Proteus_phage_VB_PmiS-Isfahan|accession|NC_041925.1	0.865597570170241	0.8026277691278101	146917.0	0.8026277691278101	0.0	0.865597570168063	0.8025429253792082	146901.46977603718	0.8025348957906526	4.370509983883744e-05
ti|1161202|org|Porphyrobacter_colymbi|accession|NZ_MUYK01000052.1	0.037116145049462194	0.03359283236362643	6149.0	0.03359283236362643	0.0	0.037116145049462194	0.03359283236362643	6149.0	0.03359283236362643	0.0
ti|494023|org|Paeniglutamicibacter_antarcticus|accession|NZ_CZJT01000051.1	0.016570074785037716	0.04286923980441968	7847.0	0.04285831352945997	1.092627495970936e-05	0.007726872462368595	0.020813844891120873	3809.8702380952204	0.01755306072277309	0.017329072086099045
ti|1197720|org|Microbacterium_barkeri_2011-R4|accession|NZ_AKVP01000090.1	0.009891343481815354	0.01222103854243492	2237.0	0.01222103854243492	0.0	0.00818928026510302	0.010236386124972605	1873.7192982456106	0.010631265535797208	0.00043158786090851975
ti|1234409|org|Catellicoccus_marimammalium_M35/04/3|accession|NZ_AMYT01000013.1	0.009005747051387762	0.008047201507825945	1473.0	0.008047201507825945	0.0	0.005591267261950441	0.00522815772795286	956.9881313131312	0.007167636373569341	0.00032232511131142616
ti|398843|org|Rhodococcus_kyotonensis|accession|NZ_LVHI01000035.1	0.006653926983702171	0.005577863366931629	1021.0	0.005577863366931629	0.0	0.0034073226819048867	0.0029519152849481435	540.3333333333329	0.005004233931546888	0.0005080717856264853
ti|1177179|org|Alcanivorax_hongdengensis_A-11-3|accession|NZ_AMRJ01000061.1	0.006583956766546085	0.01413313666038406	2587.0	0.01413313666038406	0.0	0.006871943519121578	0.01681063985046596	3077.1035714285417	0.014701302958288946	0.01599060340353465
ti|1234409|org|Catellicoccus_marimammalium_M35/04/3|accession|NZ_AMYT01000014.1	0.005428102498537157	0.006533912425906198	1196.0	0.006533912425906198	0.0	0.0049176332905941835	0.005931146257295568	1085.6666666666672	0.006233439864514191	0.000497145510666776
ti|399739|org|Pseudomonas_mendocina_ymp|accession|NC_009439.1	0.004578767378019923	0.0027261056024474855	499.0	0.0027261056024474855	0.0	0.001410612228860087	0.0011296020261092282	206.76800286916367	0.000753912972219946	0.0017318145811139338
ti|198214|org|Shigella_flexneri_2a_str._301|accession|NC_004337.2	0.0035175865829581154	0.0019558032177879755	358.0	0.0019558032177879755	0.0	0.0006461740365933718	0.00034376070910095626	62.92367899738454	7.648392471796552e-05	0.0014313420197219263
ti|267747|org|Cutibacterium_acnes_KPA171202|accession|NC_006085.1	0.002987268565429883	0.0016935726187549509	310.0	0.0016935726187549509	0.0	0.002193253921643632	0.0013295184591177382	243.36170634920637	0.0012073533830478844	0.00043158786090851975
ti|538381|org|Stappia_indica|accession|NZ_MBQE01000017.1	0.0025608651894195884	0.0024037804911360592	440.0	0.0024037804911360592	0.0	0.003177789281807291	0.0030047256139200717	549.9999999999995	0.0029118522767625447	0.0004862192357070666
ti|398843|org|Rhodococcus_kyotonensis|accession|NZ_LVHI01000036.1	0.0019104265415782926	0.002425633041055478	444.0	0.002425633041055478	0.0	0.0025374477924477545	0.003272419350432954	599.0	0.0035674287743451064	0.0
ti|58627|org|Debaryomyces_fabryi|accession|NW_015385825.1	0.001578386243788879	0.00487858176951023	893.0	0.00487858176951023	0.0	0.0021979385580897562	0.00595190617971902	1089.466666666668	0.006195197902155208	0.0007703023846595099
ti|964|org|Herbaspirillum_seropedicae|accession|NZ_CP011930.1	0.0013634618132968138	0.0007921549345789287	145.0	0.0007921549345789287	0.0	0.0003734286362921061	0.0002577580147134305	47.18131580321988	0.00016389412439564042	0.0004752929607473572
ti|1510458|org|Pseudoruegeria_sabulilitoris|accession|NZ_LOAS01000141.1	0.0011728416189954185	0.0023327597038979484	427.0	0.0023327597038979484	0.0	0.0010981839302149376	0.0020572557041731235	376.5703703703694	0.0019120981179491382	0.00040973531098910105
ti|465515|org|Micrococcus_luteus_NCTC_2665|accession|NC_012803.1	0.0011097023557679387	0.000682892184981835	125.0	0.000682892184981835	0.0	0.0007038041912125656	0.00047425350772888265	86.80973332223333	0.0003988090360293917	0.00021852549919418722
ti|365659|org|Streptococcus_mitis_B6|accession|NC_013853.1	0.0009096071933229713	0.0005627031604250321	103.0	0.0005627031604250321	0.0	0.0003380708831138591	0.00025413249318247566	46.51768221458626	0.00018028353683520446	0.0003059356988718621
ti|1051616|org|Verticillium_nonalfalfae|accession|NW_021167660.1	0.0008874746642698734	0.004649129995356333	851.0	0.004589035483077932	6.0094512278401486e-05	0.002743080240717889	0.008270117028209477	1513.8035714286038	0.005785462591166106	0.012439564041629108
ti|469599|org|Fusobacterium_periodonticum_2_1_31|accession|NZ_KN173677.1	0.0008494982362263831	0.0004206615859488104	77.0	0.0004206615859488104	0.0	0.00047011830334064514	0.00024029350055737011	43.984523809523814	0.00015296784943593105	0.00026223059903302464
ti|166122|org|Human_endogenous_retrovirus_K113|accession|NC_022518.1	0.0008007425503096792	0.0014859733945204732	272.0	0.0014859733945204732	0.0	0.0008007425503096792	0.0014859733945204732	272.0	0.0014859733945204732	0.0
ti|1035839|org|Haemophilus_sputorum_CCUG_13788|accession|NZ_AFNK01000029.1	0.000732214751086014	0.00035510393619055423	65.0	0.00035510393619055423	0.0	0.000528590869579386	0.00024977344488939996	45.71978021978022	0.00018574667431505915	0.0001420415744762217
ti|1051616|org|Verticillium_nonalfalfae|accession|NW_021167692.1	0.0007156332500044156	0.0025458220656122813	466.0	0.0025458220656122813	0.0	0.001490305868207488	0.004209984794267359	770.6166666666687	0.004512551558359966	0.0009178070966155864
ti|743720|org|Pseudomonas_fulva_12-X|accession|NC_015556.1	0.0007083527059411137	0.00032778824879128084	60.0	0.00032232511131142616	5.46313747985468e-06	0.000399146121706933	0.00021969145912301575	40.21342313517242	0.0001147258870769483	0.0010106804337731159
ti|398578|org|Delftia_acidovorans_SPH-1|accession|NC_010002.1	0.0006350164689602217	0.0003988090360293917	73.0	0.0003988090360293917	0.0	0.00019982008799284106	0.00016487118094561727	30.17884531619051	0.00012018902455680297	0.00024584118659346063
ti|771870|org|Sordaria_macrospora_k-hell|accession|NW_020186208.1	0.0005816885067966983	0.000529924335545904	97.0	0.000529924335545904	0.0	0.0005816885067966983	0.000529924335545904	97.0	0.000529924335545904	0.0
ti|1510458|org|Pseudoruegeria_sabulilitoris|accession|NZ_LOAS01000122.1	0.000524163057365761	0.0004752929607473572	87.0	0.0004752929607473572	0.0	0.0007079807627572164	0.0007532899828582082	137.8859649122807	0.0007976180720587834	4.370509983883744e-05
ti|300267|org|Shigella_dysenteriae_Sd197|accession|NC_007606.1	0.0004392252256029617	0.0003113988363517168	57.0	0.0003113988363517168	0.0	0.0005266611075867597	0.000328599918352756	60.14857205488022	9.287333715752957e-05	0.0012838373077658498
ti|1570016|org|Thioflexothrix_psekupsii|accession|NZ_MSLT01000005.1	0.00042720538472228284	0.001988582042667104	364.0	0.0019831189051872492	5.46313747985468e-06	0.0015537610272010672	0.004452476557286878	815.0035714285765	0.0027424950148870497	0.007063836761452102
ti|680646|org|Rothia_mucilaginosa_DY-18|accession|NC_013715.1	0.00036646976235477855	0.00026769373651287933	49.0	0.00026769373651287933	0.0	0.0003562244735195893	0.00025212379469529355	46.150000000000006	0.0002294517741538966	5.4631374798546805e-05
ti|887898|org|Lautropia_mirabilis_ATCC_51599|accession|NZ_GL636063.1	0.00034808256840398126	0.00021306236171433253	39.0	0.00021306236171433253	0.0	0.00033261298051750403	0.00019420572932004552	35.548387723387734	0.00018574667431505915	3.277882487912808e-05
ti|58627|org|Debaryomyces_fabryi|accession|NW_015385850.1	0.00033352946150433225	0.0012893004452457046	236.0	0.0012893004452457046	0.0	0.001487691729746287	0.0043373864610446525	793.9369047619184	0.0018410773307110273	0.009609658827064382
ti|1510458|org|Pseudoruegeria_sabulilitoris|accession|NZ_LOAS01000115.1	0.0003290612103580277	0.0004589035483077932	84.0	0.0004589035483077932	0.0	0.0009492370024853799	0.0013004543509337412	238.04166666666666	0.0017427408560736432	5.46313747985468e-06
ti|76775|org|Malassezia_restricta|accession|NC_040196.1	0.00030388408388400454	0.0001693572618754951	31.0	0.0001693572618754951	0.0	0.00020907609005091425	0.00014604787529478165	26.733333333333306	8.741019967767489e-05	0.00026769373651287933
ti|1242245|org|Acinetobacter_johnsonii_XBB1|accession|NZ_CP010350.1	0.0002978830069811444	0.00021852549919418722	40.0	0.00021306236171433253	5.46313747985468e-06	6.181412744373496e-05	5.5659544927651095e-05	10.188201401281894	3.824196235898276e-05	0.00015296784943593105
ti|1035839|org|Haemophilus_sputorum_CCUG_13788|accession|NZ_AFNK01000005.1	0.0002817691351745169	0.00021852549919418722	40.0	0.00021852549919418722	0.0	0.00021701968222739954	0.00018470607669984873	33.80952380952381	0.00015296784943593105	4.9168237318692124e-05
ti|760570|org|Streptococcus_parasanguinis_ATCC_15912|accession|NC_015678.1	0.0002675022289096328	0.000136578436996367	25.0	0.000136578436996367	0.0	0.00017524820337427098	0.0001351203594263401	24.733106191194423	7.648392471796552e-05	0.00020759922423447787
ti|469599|org|Fusobacterium_periodonticum_2_1_31|accession|NZ_KN173681.1	0.0002604670517301814	0.0001420415744762217	26.0	0.0001420415744762217	0.0	9.031877422328296e-05	5.346070248143509e-05	9.785714285714286	1.092627495970936e-05	0.00013111529951651232
ti|58627|org|Debaryomyces_fabryi|accession|NW_015385861.1	0.0002598608831199892	0.00136578436996367	250.0	0.00136578436996367	0.0	0.0005552956932472021	0.0021398198985677404	391.6833333333321	0.00187931929307001	0.0007648392471796552
ti|1114970|org|Pseudomonas_fluorescens_F113|accession|NC_016830.1	0.0002551822569432687	0.0001420415744762217	26.0	0.000136578436996367	5.46313747985468e-06	7.354343893136196e-05	4.7461839987861946e-05	8.68765250057819	1.092627495970936e-05	0.0003878827610696823
ti|171101|org|Streptococcus_pneumoniae_R6|accession|NC_003098.1	0.00024234104518602024	0.00014750471195607639	27.0	0.00014750471195607639	0.0	0.00023971806935707996	0.00015967662875848414	29.228008511096732	8.741019967767489e-05	0.0003059356988718621
ti|40215|org|Acinetobacter_junii|accession|NZ_CP019041.1	0.0002422853824074178	0.0001693572618754951	31.0	0.0001693572618754951	0.0	7.720498207933355e-05	6.177983565731946e-05	11.30849001789404	4.370509983883744e-05	0.0001693572618754951
ti|61647|org|Pluralibacter_gergoviae|accession|NZ_CP009450.1	0.00021869269330460634	9.833647463738425e-05	18.0	9.833647463738425e-05	0.0	0.00010166356326246403	5.501166974333885e-05	10.06961108816946	0.0	0.0004534404108279385
ti|225991|org|Comamonas_aquatica|accession|NZ_CP016603.1	0.000215161612926762	0.00012565216203665766	23.0	0.00012018902455680297	5.46313747985468e-06	6.97750081303368e-05	3.366043579471276e-05	6.161374470043198	1.638941243956404e-05	0.00013111529951651232
ti|214688|org|Gemmata_obscuriglobus_UQM_2246|accession|NZ_ABGO01000756.1	0.00019496651358114308	0.0007757655221393646	142.0	0.0007757655221393646	0.0	0.00029680965646536035	0.0010532929061159823	192.79999999999998	0.0010216067087328252	7.648392471796552e-05
ti|169292|org|Corynebacterium_aurimucosum|accession|NZ_JVXO01000036.1	0.00018680471991081208	0.0001420415744762217	26.0	0.0001420415744762217	0.0	9.46513001274348e-05	6.164240123102699e-05	11.283333333333335	3.277882487912808e-05	9.287333715752957e-05
ti|237610|org|Pseudomonas_psychrotolerans|accession|NZ_CP018758.1	0.00018523896719964156	0.00010379961211723894	19.0	8.194706219782021e-05	2.185254991941872e-05	0.00010737871842421771	5.060583676167974e-05	9.263145390041668	0.0	0.000376956486109973
ti|478801|org|Kytococcus_sedentarius_DSM_20547|accession|NC_013169.1	0.00018448624495745057	0.00010926274959709361	20.0	0.00010926274959709361	0.0	0.00012681313641411826	8.026909854329341e-05	14.692857142857143	6.0094512278401486e-05	4.370509983883744e-05
ti|479436|org|Veillonella_parvula_DSM_2008|accession|NC_013520.1	0.00018348921517227014	0.00012565216203665766	23.0	0.00012565216203665766	0.0	0.00015868142219000218	0.00011244957979367551	20.583333333333332	0.00010926274959709361	1.092627495970936e-05
ti|28091|org|Neisseria_weaveri|accession|NZ_LT571436.1	0.0001825566328604629	0.00017482039935534977	32.0	0.00017482039935534977	0.0	2.440450700480969e-05	4.774845223915124e-05	8.740115440115439	3.277882487912808e-05	9.833647463738425e-05
ti|796942|org|Stomatobaculum_longum|accession|NZ_JH590864.1	0.00018237754407455877	0.00012565216203665766	23.0	0.00012565216203665766	0.0	4.4124627857423156e-05	3.277882487912808e-05	6.0	0.0	0.00012018902455680297
ti|364197|org|Pseudomonas_pohangensis|accession|NZ_LT629785.1	0.00016929958616715519	9.833647463738425e-05	18.0	9.287333715752957e-05	5.46313747985468e-06	0.00014497697917260734	7.308595698777373e-05	13.378018996827041	2.185254991941872e-05	0.00033325138627113553
ti|72758|org|Staphylococcus_capitis_subsp._capitis|accession|NZ_CP007601.1	0.00016655231064812106	0.0001147258870769483	21.0	0.0001147258870769483	0.0	6.98944809623043e-05	4.1772110935431433e-05	7.646176046176047	2.185254991941872e-05	9.287333715752957e-05
ti|887898|org|Lautropia_mirabilis_ATCC_51599|accession|NZ_GL636064.1	0.00016561469131730824	9.287333715752957e-05	17.0	9.287333715752957e-05	0.0	8.652917327385103e-05	6.786133640185922e-05	12.421678321678321	6.0094512278401486e-05	3.824196235898276e-05
ti|1123016|org|Pseudomonas_balearica_DSM_6083|accession|NZ_CP007511.1	0.00016551657400517316	5.4631374798546805e-05	10.0	5.4631374798546805e-05	0.0	0.00021605440921962076	0.00010223958851015739	18.71444547884176	4.370509983883744e-05	0.0004534404108279385
ti|486041|org|Laccaria_bicolor_S238N-H82|accession|NW_001890524.1	0.00015331249049187516	0.00013111529951651232	24.0	0.00013111529951651232	0.0	0.00015331249049187516	0.00013111529951651232	24.0	0.00013111529951651232	0.0
ti|1510458|org|Pseudoruegeria_sabulilitoris|accession|NZ_LOAS01000088.1	0.00014889397837217544	5.4631374798546805e-05	10.0	5.4631374798546805e-05	0.0	3.3551801213370183e-05	1.541955720608942e-05	2.822472848788638	5.46313747985468e-06	4.370509983883744e-05
ti|214688|org|Gemmata_obscuriglobus_UQM_2246|accession|NZ_ABGO01000668.1	0.0001481365989408671	0.0007211341473408178	132.0	0.0007211341473408178	0.0	0.00014944891471575184	0.0007375235597803819	135.0	0.0007375235597803819	0.0
ti|1197720|org|Microbacterium_barkeri_2011-R4|accession|NZ_AKVP01000114.1	0.00014200399877863795	0.0002513043240733153	46.0	0.0002513043240733153	0.0	0.00100197834330655	0.0007993766426119127	146.32189754689756	0.0011199431833702094	0.0001147258870769483
ti|1316932|org|Mannheimia_haemolytica_M42548|accession|NC_021082.1	0.00012899315796247005	9.287333715752957e-05	17.0	9.287333715752957e-05	0.0	3.412583506066932e-05	3.128805206163233e-05	5.7271214896214895	1.638941243956404e-05	9.833647463738425e-05
ti|176280|org|Staphylococcus_epidermidis_ATCC_12228|accession|NC_004461.1	0.0001176186777179617	9.833647463738425e-05	18.0	9.833647463738425e-05	0.0	6.811714334001409e-05	7.345554915824523e-05	13.445670995670998	2.7315687399273403e-05	0.00012018902455680297
ti|160488|org|Pseudomonas_putida_KT2440|accession|NC_002947.4	0.00010657447759616663	3.277882487912808e-05	6.0	3.277882487912808e-05	0.0	0.00012476653481594284	4.719246246795301e-05	8.638344292446458	5.46313747985468e-06	0.0004479772733480838
ti|1510458|org|Pseudoruegeria_sabulilitoris|accession|NZ_LOAS01000096.1	0.00010486933859878999	0.000136578436996367	25.0	0.000136578436996367	0.0	0.002526567540672858	0.002339853034907889	428.29839877471454	0.003960774672894643	0.0002513043240733153
ti|1492737|org|Flavobacterium_gilvum|accession|NZ_CP017479.1	9.896746562672816e-05	7.102078723811085e-05	13.0	7.102078723811085e-05	0.0	1.295979554358231e-05	5.604468646343595e-06	1.0258699633699633	0.0	3.824196235898276e-05
ti|1038860|org|Bradyrhizobium_elkanii_WSM2783|accession|NZ_AXAP01000139.1	9.775752499973554e-05	7.648392471796552e-05	14.0	7.648392471796552e-05	0.0	1.362528562239643e-05	6.633630103750758e-06	1.2142528223410576	0.0	6.0094512278401486e-05
ti|270351|org|Methylobacterium_aquaticum|accession|NZ_AP014704.1	9.659810916574964e-05	6.555764975825616e-05	12.0	6.555764975825616e-05	0.0	3.4606577621057376e-05	2.6435515249741256e-05	4.838888888888889	2.7315687399273403e-05	3.277882487912808e-05
ti|1293045|org|Limnohabitans_planktonicus_II-D5|accession|NZ_LFYT02000067.1	9.618964001766514e-05	6.0094512278401486e-05	11.0	6.0094512278401486e-05	0.0	8.23227699039485e-05	6.383301224010597e-05	11.684313725490195	4.9168237318692124e-05	3.277882487912808e-05
ti|100226|org|Streptomyces_coelicolor_A3(2)|accession|NC_003888.3	9.598263677666562e-05	6.0094512278401486e-05	11.0	6.0094512278401486e-05	0.0	2.2263251135736247e-05	1.1769850334137803e-05	2.154412254412254	5.46313747985468e-06	4.9168237318692124e-05
ti|1035839|org|Haemophilus_sputorum_CCUG_13788|accession|NZ_AFNK01000031.1	9.056494907615502e-05	3.277882487912808e-05	6.0	3.277882487912808e-05	0.0	9.076138730217969e-05	3.277882487912808e-05	6.0	2.7315687399273403e-05	5.46313747985468e-06
ti|1293045|org|Limnohabitans_planktonicus_II-D5|accession|NZ_LFYT02000071.1	8.799089959001839e-05	3.277882487912808e-05	6.0	3.277882487912808e-05	0.0	5.569971399375994e-05	2.0329215175227003e-05	3.721161191749427	1.092627495970936e-05	3.824196235898276e-05
ti|158822|org|Cedecea_neteri|accession|NZ_CP009451.1	8.693470645149442e-05	3.824196235898276e-05	7.0	3.824196235898276e-05	0.0	6.318283002979748e-05	2.5795874613946807e-05	4.721805868709893	5.46313747985468e-06	0.0002239886366740419
ti|592050|org|Acidovorax_soli|accession|NZ_FNQJ01000062.1	8.458857843178137e-05	8.741019967767489e-05	16.0	7.648392471796552e-05	1.092627495970936e-05	2.999127819553431e-05	3.099086510984159e-05	5.672722904030954	5.46313747985468e-06	0.00014750471195607639
ti|1528099|org|Lawsonella_clevelandensis|accession|NZ_CP009312.1	8.34593147896914e-05	0.00012018902455680297	22.0	0.00012018902455680297	0.0	7.363851883765799e-05	0.00011015050943757	20.1625	9.833647463738425e-05	2.185254991941872e-05
ti|621456|org|Sphingomonas_melonis_TY|accession|NZ_CP017578.1	8.332152913182292e-05	3.824196235898276e-05	7.0	3.824196235898276e-05	0.0	5.558465123384111e-05	1.912098117949138e-05	3.5	1.092627495970936e-05	2.7315687399273403e-05
ti|67267|org|Streptomyces_alboflavus|accession|NZ_CP021748.1	7.94539887066143e-05	2.7315687399273403e-05	5.0	2.7315687399273403e-05	0.0	1.129358575791499e-05	3.6531282946098978e-06	0.6686868686868688	0.0	2.7315687399273403e-05
ti|1928|org|Streptomyces_rochei|accession|NZ_MUMD01000370.1	7.894907429190598e-05	4.370509983883744e-05	8.0	4.370509983883744e-05	0.0	1.9257648272680294e-05	1.9612495513589722e-05	3.5899692412850306	1.092627495970936e-05	3.824196235898276e-05
ti|1392877|org|Pseudomonas_oryzae|accession|NZ_LT629751.1	7.81214530023134e-05	9.287333715752957e-05	17.0	9.287333715752957e-05	0.0	0.0002287252338213936	0.00016517842222212744	30.23508429564932	7.102078723811085e-05	0.0007757655221393646
ti|762948|org|Rothia_dentocariosa_ATCC_17931|accession|NC_014643.1	7.782379804261778e-05	2.7315687399273403e-05	5.0	2.7315687399273403e-05	0.0	9.816949449364513e-05	3.7968805484990034e-05	6.95	2.185254991941872e-05	4.9168237318692124e-05
ti|1547597|org|Sanguibacteroides_justesenii|accession|NZ_JPIU01000031.1	7.680515359891962e-05	0.0003387145237509902	62.0	0.0003387145237509902	0.0	0.00011555036369521975	0.00047984557531390276	87.83333333333333	0.00051353492310634	2.7315687399273403e-05
ti|548476|org|Corynebacterium_aurimucosum_ATCC_700975|accession|NC_012590.1	7.672212884447582e-05	8.194706219782021e-05	15.0	8.194706219782021e-05	0.0	3.555687948756534e-05	3.605670736704089e-05	6.6000000000000005	2.7315687399273403e-05	4.9168237318692124e-05
ti|1304|org|Streptococcus_salivarius|accession|NZ_CP009913.1	7.352916724520283e-05	6.555764975825616e-05	12.0	6.555764975825616e-05	0.0	6.418720875643125e-05	3.5542578769654076e-05	6.50589133089133	2.7315687399273403e-05	9.833647463738425e-05
ti|1177154|org|Alcanivorax_nanhaiticus|accession|NZ_ARXV01000034.1	6.98549467649021e-05	0.00041519844846895574	76.0	0.00041519844846895574	0.0	0.0008843765420989277	0.002473910266666136	452.8369047619029	0.0010817012210112267	0.005900188478243055
ti|211589|org|Herbaspirillum_chlorophenolicum|accession|NZ_LFLT01000090.1	6.964235151506091e-05	9.833647463738425e-05	18.0	9.833647463738425e-05	0.0	0.0003096762378313522	0.0002506821788965526	45.88611943611947	0.00014750471195607639	0.000376956486109973
ti|214688|org|Gemmata_obscuriglobus_UQM_2246|accession|NZ_ABGO01000856.1	6.881979025388019e-05	0.0003059356988718621	56.0	0.0003059356988718621	0.0	6.881979025388019e-05	0.0003059356988718621	56.0	0.0003059356988718621	0.0
ti|1349791|org|Hydrogenophaga_palleronii_NBRC_102513|accession|NZ_BCTJ01000079.1	6.766033988657497e-05	3.824196235898276e-05	7.0	3.824196235898276e-05	0.0	2.351129021874923e-05	1.1021265787451538e-05	2.017387596064067	0.0	7.102078723811085e-05
ti|733|org|Haemophilus_haemoglobinophilus|accession|NZ_MUXZ01000047.1	6.605586267567074e-05	6.0094512278401486e-05	11.0	6.0094512278401486e-05	0.0	3.188601543565839e-05	3.4599870705746305e-05	6.333333333333333	2.185254991941872e-05	3.824196235898276e-05
ti|1122988|org|Prevotella_nanceiensis_DSM_19126_=_JCM_15639|accession|NZ_KB904329.1	6.311408052048808e-05	1.638941243956404e-05	3.0	1.638941243956404e-05	0.0	6.306751884654255e-05	1.638941243956404e-05	3.0	1.638941243956404e-05	0.0
ti|220668|org|Lactobacillus_plantarum_WCFS1|accession|NC_004567.2	6.179737294733694e-05	2.185254991941872e-05	4.0	2.185254991941872e-05	0.0	3.4640135375297615e-05	1.4568366612945814e-05	2.6666666666666665	1.092627495970936e-05	1.092627495970936e-05
ti|1112212|org|Sphingomonas_echinoides_ATCC_14820|accession|NZ_JH584237.1	6.154021510357414e-05	1.638941243956404e-05	3.0	1.638941243956404e-05	0.0	1.900928195598184e-05	9.42659016131788e-06	1.7254901960784315	5.46313747985468e-06	2.185254991941872e-05
ti|187868|org|Acidovorax_valerianellae|accession|NZ_FMZC01000034.1	6.0673008677929584e-05	2.185254991941872e-05	4.0	2.185254991941872e-05	0.0	2.7533131826473313e-05	1.8119342212742583e-05	3.3166549953314663	0.0	9.833647463738425e-05
ti|981334|org|Acinetobacter_radioresistens_DSM_6976_=_NBRC_102413_=_CIP_103788|accession|NZ_KB849748.1	5.7868241787264244e-05	2.185254991941872e-05	4.0	2.185254991941872e-05	0.0	3.803787559559387e-05	1.1810959504631744e-05	2.1619370825253177	5.46313747985468e-06	4.9168237318692124e-05
ti|402734|org|Flavobacterium_terrigena|accession|NZ_FNYA01000017.1	5.7675505284963636e-05	3.277882487912808e-05	6.0	3.277882487912808e-05	0.0	1.0791696124249941e-05	1.487187425071552e-05	2.7222222222222223	1.092627495970936e-05	1.638941243956404e-05
ti|128403|org|Scytonema_hofmannii_PCC_7110|accession|NZ_KQ976360.1	5.7354424215381295e-05	1.638941243956404e-05	3.0	1.638941243956404e-05	0.0	2.712356668679707e-05	7.284183306472907e-06	1.3333333333333333	5.46313747985468e-06	5.46313747985468e-06
ti|402626|org|Ralstonia_pickettii_12J|accession|NC_010682.1	5.701164077127338e-05	3.277882487912808e-05	6.0	3.277882487912808e-05	0.0	1.239044967747298e-05	1.019318728078869e-05	1.8658119658119656	5.46313747985468e-06	2.7315687399273403e-05
ti|176299|org|Agrobacterium_fabrum_str._C58|accession|NC_003063.2	5.621033106975241e-05	2.7315687399273403e-05	5.0	2.7315687399273403e-05	0.0	2.2770741905124934e-05	1.4568366612945814e-05	2.6666666666666665	5.46313747985468e-06	2.185254991941872e-05
ti|1101373|org|Tepidimonas_fonticaldi|accession|NZ_LZDH01000016.1	5.5247942329874784e-05	2.185254991941872e-05	4.0	2.185254991941872e-05	0.0	4.702926271361714e-05	2.3410944905659323e-05	4.285256410256411	2.185254991941872e-05	1.638941243956404e-05
ti|494023|org|Paeniglutamicibacter_antarcticus|accession|NZ_CZJT01000115.1	5.332818775250782e-05	0.0001147258870769483	21.0	0.0001147258870769483	0.0	3.53917807944707e-05	7.830497054458376e-05	14.333333333333334	8.194706219782021e-05	1.092627495970936e-05
ti|525256|org|Atopobium_vaginae_DSM_15829|accession|NZ_ACGK02000001.1	5.3005062939967614e-05	4.370509983883744e-05	8.0	4.370509983883744e-05	0.0	4.7354438839340606e-05	3.902241057039058e-05	7.142857142857143	3.824196235898276e-05	5.46313747985468e-06
ti|1035839|org|Haemophilus_sputorum_CCUG_13788|accession|NZ_AFNK01000007.1	5.1663321943518214e-05	3.277882487912808e-05	6.0	3.277882487912808e-05	0.0	5.1663321943518214e-05	3.277882487912808e-05	6.0	3.277882487912808e-05	0.0
ti|136273|org|Kocuria_polaris|accession|NZ_JSUH01000031.1	5.0130412918902985e-05	3.277882487912808e-05	6.0	3.277882487912808e-05	0.0	4.9964567165755575e-05	2.542221361364195e-05	4.653409090909091	2.185254991941872e-05	1.638941243956404e-05
ti|1392005|org|Comamonas_testosteroni_TK102|accession|NZ_CP006704.1	4.996256027056894e-05	2.7315687399273403e-05	5.0	2.7315687399273403e-05	0.0	7.045486863188625e-05	2.603621573313591e-05	4.765799108871863	1.092627495970936e-05	0.0001693572618754951
ti|622312|org|Roseburia_inulinivorans_DSM_16841|accession|NZ_ACFY01000079.1	4.957691615541792e-05	3.824196235898276e-05	7.0	3.824196235898276e-05	0.0	4.957691615541792e-05	3.824196235898276e-05	7.0	3.824196235898276e-05	0.0
ti|521393|org|Actinomyces_timonensis_DSM_23838|accession|NZ_JH806635.1	4.9299640224187525e-05	2.7315687399273403e-05	5.0	2.7315687399273403e-05	0.0	3.804503600275055e-05	1.2059294073639124e-05	2.2073934837092732	1.092627495970936e-05	1.638941243956404e-05
ti|380703|org|Aeromonas_hydrophila_subsp._hydrophila_ATCC_7966|accession|NC_008570.1	4.919286903628717e-05	2.185254991941872e-05	4.0	2.185254991941872e-05	0.0	2.9431411657592485e-05	1.1540877926193011e-05	2.1125	5.46313747985468e-06	3.277882487912808e-05
ti|321614|org|Parastagonospora_nodorum_SN15|accession|NW_001884553.1	4.876934333332198e-05	4.9168237318692124e-05	9.0	4.9168237318692124e-05	0.0	1.5628676917783186e-05	8.992418301799074e-06	1.6460172080528115	5.46313747985468e-06	6.0094512278401486e-05
ti|494023|org|Paeniglutamicibacter_antarcticus|accession|NZ_CZJT01000152.1	4.803619403479331e-05	9.287333715752957e-05	17.0	9.287333715752957e-05	0.0	4.803619403479331e-05	9.287333715752957e-05	17.0	9.287333715752957e-05	0.0
ti|1219042|org|Novosphingobium_capsulatum_NBRC_12533|accession|NZ_BCYV01000058.1	4.772609453243198e-05	1.092627495970936e-05	2.0	1.092627495970936e-05	0.0	1.368250464202901e-05	5.46313747985468e-06	1.0	0.0	1.092627495970936e-05
ti|767031|org|Prevotella_denticola_F0289|accession|NC_015311.1	4.7484889612528305e-05	2.185254991941872e-05	4.0	2.185254991941872e-05	0.0	2.15630867336654e-05	1.1247635987936105e-05	2.0588235294117645	1.092627495970936e-05	5.46313747985468e-06
ti|1509407|org|Aspergillus_nomius_NRRL_13137|accession|NW_015379133.1	4.7476022066540704e-05	0.0001966729492747685	36.0	0.0001966729492747685	0.0	0.0001273912036264203	0.0004131952980596757	75.63333333333334	0.000546313747985468	9.287333715752957e-05
ti|253|org|Chryseobacterium_indologenes|accession|NZ_CP018786.1	4.648885932367433e-05	4.370509983883744e-05	8.0	4.370509983883744e-05	0.0	7.82684272754982e-06	7.98983856428747e-06	1.4625	0.0	2.7315687399273403e-05
ti|204773|org|Herminiimonas_arsenicoxydans|accession|NC_009138.1	4.476650034998592e-05	1.092627495970936e-05	2.0	1.092627495970936e-05	0.0	2.8090101761339776e-05	1.2606868349467299e-05	2.3076242170282417	0.0	0.00010926274959709361
ti|701347|org|[Enterobacter]_lignolyticus_SCF1|accession|NC_014618.1	4.422326838139475e-05	3.277882487912808e-05	6.0	2.7315687399273403e-05	5.46313747985468e-06	9.730300931346517e-05	5.1442671432652654e-05	9.416323792389905	0.0	0.00044251413586822913
ti|491952|org|Marinomonas_posidonica_IVIA-Po-181|accession|NC_015559.1	4.383564790153082e-05	1.638941243956404e-05	3.0	1.638941243956404e-05	0.0	8.587697031064858e-06	2.84155837756447e-06	0.5201330532212884	0.0	2.7315687399273403e-05
ti|1170230|org|Penicillium_digitatum_Pd1|accession|NW_014574576.1	4.3451930031482695e-05	1.638941243956404e-05	3.0	1.638941243956404e-05	0.0	4.6031921922520706e-05	1.912098117949138e-05	3.5	5.46313747985468e-06	3.824196235898276e-05
ti|574650|org|Micrococcus_terreus|accession|NZ_FPCG01000027.1	4.198151872102473e-05	2.185254991941872e-05	4.0	2.185254991941872e-05	0.0	2.843765352270004e-05	7.715461292450559e-06	1.4122766122766124	0.0	4.370509983883744e-05
ti|53336|org|Tatumella_citrea|accession|NZ_CP015579.1	4.146154520730176e-05	1.638941243956404e-05	3.0	1.638941243956404e-05	0.0	3.558993471911925e-05	1.6412741228036863e-05	3.0042702180860075	0.0	0.00018028353683520446
ti|29534|org|Flavobacterium_saccharophilum|accession|NZ_FRBY01000009.1	4.1443208973323715e-05	3.277882487912808e-05	6.0	3.277882487912808e-05	0.0	8.980920636000555e-06	7.658898505411658e-06	1.4019230769230768	0.0	3.277882487912808e-05
ti|1547597|org|Sanguibacteroides_justesenii|accession|NZ_JPIU01000011.1	4.143183842751514e-05	4.9168237318692124e-05	9.0	4.9168237318692124e-05	0.0	4.14318342990849e-05	4.370509983883744e-05	8.0	4.370509983883744e-05	0.0
ti|525260|org|Corynebacterium_accolens_ATCC_49725|accession|NZ_GG666997.1	4.118214704167382e-05	2.7315687399273403e-05	5.0	2.7315687399273403e-05	0.0	6.0778241497799826e-05	3.978985131160826e-05	7.283333333333333	3.277882487912808e-05	2.185254991941872e-05
ti|53374|org|Corynebacterium_coyleae|accession|NZ_FNRU01000002.1	4.10833689015371e-05	2.7315687399273403e-05	5.0	2.7315687399273403e-05	0.0	1.823763479736105e-05	1.2389478914104008e-05	2.267832167832168	1.092627495970936e-05	2.185254991941872e-05
ti|1035839|org|Haemophilus_sputorum_CCUG_13788|accession|NZ_AFNK01000053.1	4.0371863551265066e-05	1.638941243956404e-05	3.0	1.638941243956404e-05	0.0	4.0371863551265066e-05	1.638941243956404e-05	3.0	1.638941243956404e-05	0.0
ti|494023|org|Paeniglutamicibacter_antarcticus|accession|NZ_CZJT01000016.1	3.939197787371761e-05	8.741019967767489e-05	16.0	8.741019967767489e-05	0.0	3.939197787371761e-05	8.741019967767489e-05	16.0	8.741019967767489e-05	0.0
ti|1258574|org|Streptococcus_gallolyticus_subsp._gallolyticus_DSM_16831|accession|NZ_CP018822.1	3.933186264702891e-05	1.638941243956404e-05	3.0	1.638941243956404e-05	0.0	2.4458263920524807e-05	1.703020691842149e-05	3.1172942253824614	0.0	9.287333715752957e-05
ti|743525|org|Thermus_scotoductus_SA-01|accession|NC_014974.1	3.92640057095231e-05	1.092627495970936e-05	2.0	1.092627495970936e-05	0.0	1.9437570881235507e-05	7.284183306472907e-06	1.3333333333333333	5.46313747985468e-06	5.46313747985468e-06
ti|58627|org|Debaryomyces_fabryi|accession|NW_015385895.1	3.6889289251648375e-05	0.00026769373651287933	49.0	0.00026769373651287933	0.0	0.0002866685877848775	0.0007457182660001625	136.49999999999974	0.0005736294353847415	0.0008303968969379115
ti|398525|org|Bradyrhizobium_elkanii_USDA_76|accession|NZ_KB900701.1	3.4824607287100955e-05	3.824196235898276e-05	7.0	3.824196235898276e-05	0.0	1.6294690972070434e-05	1.342798129750229e-05	2.4579248366013067	0.0	5.4631374798546805e-05
ti|544580|org|Actinomyces_oris|accession|NZ_CP014232.1	3.473558208455801e-05	4.9168237318692124e-05	9.0	4.9168237318692124e-05	0.0	1.560108044520628e-05	3.635587918141388e-05	6.654761904761904	3.277882487912808e-05	1.638941243956404e-05
ti|1160719|org|Cutibacterium_granulosum_DSM_20700|accession|NZ_AOSS01000369.1	3.460722860377791e-05	2.185254991941872e-05	4.0	2.185254991941872e-05	0.0	4.280712287038633e-05	3.348122826939512e-05	6.12857142857143	2.185254991941872e-05	3.824196235898276e-05
ti|1035839|org|Haemophilus_sputorum_CCUG_13788|accession|NZ_AFNK01000071.1	3.440263342083272e-05	2.185254991941872e-05	4.0	2.185254991941872e-05	0.0	3.440263342083272e-05	2.185254991941872e-05	4.0	2.185254991941872e-05	0.0
ti|494023|org|Paeniglutamicibacter_antarcticus|accession|NZ_CZJT01000067.1	3.4222642794349885e-05	6.555764975825616e-05	12.0	6.555764975825616e-05	0.0	2.6096375032775667e-05	5.189980605861947e-05	9.5	6.0094512278401486e-05	0.0
ti|306537|org|Corynebacterium_jeikeium_K411|accession|NC_007164.1	3.379806841490162e-05	1.638941243956404e-05	3.0	1.638941243956404e-05	0.0	3.40691983508273e-05	1.147258870769483e-05	2.1	1.092627495970936e-05	5.46313747985468e-06
ti|588932|org|Brevundimonas_naejangsanensis|accession|NZ_CP015614.1	3.379806623649016e-05	1.092627495970936e-05	2.0	1.092627495970936e-05	0.0	2.6032046068411416e-05	6.828921849818351e-06	1.25	5.46313747985468e-06	5.46313747985468e-06
ti|420404|org|Chryseobacterium_hominis|accession|NZ_FNWX01000073.1	3.367711273372818e-05	1.638941243956404e-05	3.0	1.638941243956404e-05	0.0	6.217512056233249e-06	2.048676554945505e-06	0.375	0.0	1.092627495970936e-05
ti|1208313|org|Piscicoccus_intestinalis_NBRC_104926|accession|NZ_BCNQ01000222.1	3.3589269082400655e-05	1.638941243956404e-05	3.0	1.638941243956404e-05	0.0	1.0038887150297397e-05	8.19470621978202e-06	1.5	5.46313747985468e-06	5.46313747985468e-06
ti|1392250|org|Aspergillus_steynii_IBT_23096|accession|NW_020194414.1	3.156004290249052e-05	2.185254991941872e-05	4.0	2.185254991941872e-05	0.0	5.7166981249053345e-06	1.9009699520176438e-06	0.34796304486706964	0.0	3.277882487912808e-05
ti|426355|org|Methylobacterium_radiotolerans_JCM_2831|accession|NC_010510.1	3.1243851451511936e-05	1.638941243956404e-05	3.0	1.638941243956404e-05	0.0	1.0490324445258031e-05	3.4903378343516013e-06	0.6388888888888888	0.0	1.638941243956404e-05
ti|494023|org|Paeniglutamicibacter_antarcticus|accession|NZ_CZJT01000023.1	3.079134757046334e-05	4.9168237318692124e-05	9.0	4.9168237318692124e-05	0.0	3.079134757046334e-05	4.9168237318692124e-05	9.0	4.9168237318692124e-05	0.0
ti|1206725|org|Nocardia_brevicatena_NBRC_12119|accession|NZ_BAFU01000138.1	3.072938343000431e-05	0.00012565216203665766	23.0	0.00012565216203665766	0.0	0.0002613161941613031	0.0005355695776084202	98.03333333333329	0.00040973531098910105	0.0006665027725422711
ti|1499686|org|Pseudomonas_saudiphocaensis|accession|NZ_CCSF01000001.1	3.025350557203093e-05	5.46313747985468e-06	1.0	5.46313747985468e-06	0.0	0.00010546823779702518	5.718102477413299e-05	10.466700679781173	5.46313747985468e-06	0.00024037804911360594
ti|441620|org|Methylorubrum_populi_BJ001|accession|NC_010725.1	2.9997991431802348e-05	2.185254991941872e-05	4.0	2.185254991941872e-05	0.0	3.4392576253564653e-05	2.192083913791691e-05	4.0125	1.638941243956404e-05	2.7315687399273403e-05
ti|743972|org|Actinobacillus_suis_ATCC_33415|accession|NZ_CP009159.1	2.990670666852954e-05	2.7315687399273403e-05	5.0	2.7315687399273403e-05	0.0	6.447122861082233e-05	2.5763326181256193e-05	4.71584804084804	0.0	0.00012565216203665766
ti|1392255|org|Aspergillus_novofumigatus_IBT_16806|accession|NW_020194294.1	2.9709931298180785e-05	2.185254991941872e-05	4.0	2.185254991941872e-05	0.0	4.215467282689556e-06	2.6600209420807005e-06	0.48690353334316183	0.0	4.9168237318692124e-05
ti|1408657|org|Pneumocystis_jirovecii_RU7|accession|NW_017264776.1	2.9609707752751104e-05	0.00010379961211723894	19.0	0.00010379961211723894	0.0	1.589263725095148e-05	3.6648547260691806e-05	6.708333333333331	0.0	0.0001147258870769483
ti|494023|org|Paeniglutamicibacter_antarcticus|accession|NZ_CZJT01000066.1	2.903718800987666e-05	2.185254991941872e-05	4.0	2.185254991941872e-05	0.0	2.903718800987666e-05	2.185254991941872e-05	4.0	2.185254991941872e-05	0.0
ti|427920|org|Bacillus_alkalinitrilicus|accession|NZ_KV917368.1	2.8833809657304716e-05	8.19470621978202e-06	1.5	1.092627495970936e-05	0.0	4.963323426973571e-06	2.2763072832727835e-06	0.41666666666666663	0.0	1.092627495970936e-05
ti|152268|org|Bacillus_litoralis|accession|NZ_LWSG01000038.1	2.8833809657304716e-05	8.19470621978202e-06	1.5	1.092627495970936e-05	0.0	1.3446460600427671e-05	4.09735310989101e-06	0.75	0.0	1.092627495970936e-05
ti|279808|org|Staphylococcus_haemolyticus_JCSC1435|accession|NC_007168.1	2.8318881365428362e-05	1.638941243956404e-05	3.0	1.638941243956404e-05	0.0	2.3729336925157356e-05	1.0282996433942921e-05	1.882251082251082	5.46313747985468e-06	4.9168237318692124e-05
ti|546271|org|Selenomonas_sputigena_ATCC_35185|accession|NC_015437.1	2.8187098576789882e-05	2.185254991941872e-05	4.0	2.185254991941872e-05	0.0	2.7128379094561917e-05	2.185254991941872e-05	4.0	2.185254991941872e-05	0.0
ti|1217648|org|Acinetobacter_beijerinckii_CIP_110307|accession|NZ_KB849765.1	2.8014270163252077e-05	1.638941243956404e-05	3.0	1.638941243956404e-05	0.0	2.5998983716125465e-05	1.889155307311884e-05	3.4580043322690384	0.0	0.0001693572618754951
ti|546270|org|Gemella_haemolysans_ATCC_10379|accession|NZ_ACDZ02000011.1	2.7297933359836444e-05	2.7315687399273403e-05	5.0	5.4631374798546805e-05	0.0	1.0653237982179805e-05	8.519892974535275e-06	1.5595238095238093	0.0	3.824196235898276e-05
ti|546270|org|Gemella_haemolysans_ATCC_10379|accession|NZ_ACDZ02000008.1	2.7297933359836444e-05	2.7315687399273403e-05	5.0	5.4631374798546805e-05	0.0	1.0653237982179805e-05	8.519892974535275e-06	1.5595238095238093	0.0	3.824196235898276e-05
ti|316|org|Pseudomonas_stutzeri|accession|NZ_CP007441.1	2.722661646706851e-05	1.092627495970936e-05	2.0	1.092627495970936e-05	0.0	0.0001830723871306905	9.28218310788551e-05	16.99057206982903	3.277882487912808e-05	0.0005408506105056133
ti|425265|org|Malassezia_globosa_CBS_7966|accession|NW_001849834.1	2.6533364795593474e-05	0.00010379961211723894	19.0	0.00010379961211723894	0.0	2.6533364795593474e-05	0.00010379961211723894	19.0	0.00010379961211723894	0.0
ti|93061|org|Staphylococcus_aureus_subsp._aureus_NCTC_8325|accession|NC_007795.1	2.6476045231956444e-05	1.092627495970936e-05	2.0	1.092627495970936e-05	0.0	3.341739248013213e-05	1.7370096858747193e-05	3.17950937950938	1.092627495970936e-05	6.0094512278401486e-05
ti|236234|org|Diplodia_corticola|accession|NW_017971615.1	2.6038204449057765e-05	4.370509983883744e-05	8.0	4.370509983883744e-05	0.0	1.6410700292197153e-05	3.824196235898276e-05	7.0	3.277882487912808e-05	5.46313747985468e-06
ti|199|org|Campylobacter_concisus|accession|NZ_CP012541.1	2.558731935338949e-05	1.092627495970936e-05	2.0	1.092627495970936e-05	0.0	2.4728436215754383e-05	8.19470621978202e-06	1.5	1.092627495970936e-05	0.0
ti|929703|org|Flectobacillus_major_DSM_103|accession|NZ_KE386491.1	2.5322965789774698e-05	1.638941243956404e-05	3.0	1.638941243956404e-05	0.0	2.3849109169865735e-05	1.3657843699636701e-05	2.5	1.092627495970936e-05	5.46313747985468e-06
ti|47920|org|Acidovorax_delafieldii|accession|NZ_LSHP01000029.1	2.5249060558525176e-05	1.638941243956404e-05	3.0	1.638941243956404e-05	0.0	2.4178447897903087e-05	1.16196731783063e-05	2.1269230769230765	5.46313747985468e-06	1.638941243956404e-05
ti|1160719|org|Cutibacterium_granulosum_DSM_20700|accession|NZ_AOSS01000368.1	2.487409586119725e-05	2.185254991941872e-05	4.0	2.185254991941872e-05	0.0	2.457597649852922e-05	2.185254991941872e-05	4.0	2.185254991941872e-05	0.0
ti|1122219|org|Megasphaera_cerevisiae_DSM_20462|accession|NZ_LEKT01000100.1	2.4744734670540663e-05	1.092627495970936e-05	2.0	1.092627495970936e-05	0.0	1.0905281491005413e-05	1.1472588707694828e-05	2.0999999999999996	5.46313747985468e-06	2.7315687399273403e-05
ti|121292|org|Pseudarthrobacter_sulfonivorans|accession|NZ_CP013747.1	2.4666251797330013e-05	2.185254991941872e-05	4.0	2.185254991941872e-05	0.0	9.837045781054087e-06	5.7076415348971285e-06	1.0447552447552448	0.0	4.370509983883744e-05
ti|467210|org|Lachnoanaerobaculum_saburreum|accession|NZ_KQ959784.1	2.4429641174896033e-05	2.185254991941872e-05	4.0	2.185254991941872e-05	0.0	1.991870664921825e-05	1.3657843699636701e-05	2.5	1.638941243956404e-05	5.46313747985468e-06
ti|1214242|org|Streptomyces_collinus_Tu_365|accession|NC_021985.1	2.4024223559274146e-05	2.7315687399273403e-05	5.0	2.7315687399273403e-05	0.0	7.333202456003182e-06	4.9255560195493e-06	0.9015984015984015	0.0	4.9168237318692124e-05
ti|334413|org|Finegoldia_magna_ATCC_29328|accession|NC_010376.1	2.4023483292582498e-05	1.092627495970936e-05	2.0	1.092627495970936e-05	0.0	2.4023483292582498e-05	1.092627495970936e-05	2.0	1.092627495970936e-05	0.0
ti|888743|org|Prevotella_multiformis_DSM_16608|accession|NZ_GL872287.1	2.388903134527356e-05	5.46313747985468e-06	1.0	5.46313747985468e-06	0.0	2.0165025104670212e-05	5.46313747985468e-06	1.0	5.46313747985468e-06	0.0
ti|1121933|org|Granulicoccus_phenolivorans_DSM_17626_=_NBRC_107789_=_JCM_15570|accession|NZ_AUHH01000075.1	2.387153255888499e-05	5.46313747985468e-06	1.0	5.46313747985468e-06	0.0	5.41260071700527e-06	1.121894303898729e-06	0.20535714285714285	0.0	1.092627495970936e-05
ti|883112|org|Facklamia_ignava_CCUG_37419|accession|NZ_JH932300.1	2.3869553078119278e-05	5.46313747985468e-06	1.0	5.46313747985468e-06	0.0	2.3869553078119278e-05	5.46313747985468e-06	1.0	5.46313747985468e-06	0.0
ti|824|org|Campylobacter_gracilis|accession|NZ_CP012196.1	2.3869553078119278e-05	5.46313747985468e-06	1.0	5.46313747985468e-06	0.0	2.3869553078119278e-05	5.46313747985468e-06	1.0	5.46313747985468e-06	0.0
ti|521095|org|Atopobium_parvulum_DSM_20469|accession|NC_013203.1	2.3869553078119278e-05	5.46313747985468e-06	1.0	5.46313747985468e-06	0.0	2.387034618540524e-05	5.46313747985468e-06	1.0	5.46313747985468e-06	0.0
ti|469378|org|Cryptobacterium_curtum_DSM_15641|accession|NC_013170.1	2.3869553078119278e-05	5.46313747985468e-06	1.0	5.46313747985468e-06	0.0	2.3869553078119278e-05	5.46313747985468e-06	1.0	5.46313747985468e-06	0.0
ti|33033|org|Parvimonas_micra|accession|NZ_CP009761.1	2.3869553078119278e-05	5.46313747985468e-06	1.0	5.46313747985468e-06	0.0	2.3869553078119278e-05	5.46313747985468e-06	1.0	5.46313747985468e-06	0.0
ti|1574624|org|[Propionibacterium]_namnetense|accession|NZ_LWHO01000001.1	2.3869553078119278e-05	5.46313747985468e-06	1.0	5.46313747985468e-06	0.0	2.3869553078119278e-05	5.46313747985468e-06	1.0	5.46313747985468e-06	0.0
ti|1229758|org|Leuconostoc_carnosum_JB16|accession|NC_018673.1	2.3869553078119278e-05	5.46313747985468e-06	1.0	5.46313747985468e-06	0.0	2.2856887443902204e-05	5.46313747985468e-06	1.0	5.46313747985468e-06	0.0
ti|1167628|org|Actinomyces_massiliensis_4401292|accession|NZ_AKIO01000026.1	2.3869553078119278e-05	5.46313747985468e-06	1.0	5.46313747985468e-06	0.0	2.432542069832387e-05	6.460376861097996e-06	1.1825396825396826	5.46313747985468e-06	1.092627495970936e-05
ti|1150423|org|Bifidobacterium_dentium_JCM_1195_=_DSM_20436|accession|NZ_AP012326.1	2.3869553078119278e-05	5.46313747985468e-06	1.0	5.46313747985468e-06	0.0	2.3869553078119278e-05	5.46313747985468e-06	1.0	5.46313747985468e-06	0.0
ti|1136179|org|Rhodococcus_erythropolis_CCM2595|accession|NC_022115.1	2.3869553078119278e-05	5.46313747985468e-06	1.0	5.46313747985468e-06	0.0	2.3869553078119278e-05	5.46313747985468e-06	1.0	5.46313747985468e-06	0.0
ti|1122988|org|Prevotella_nanceiensis_DSM_19126_=_JCM_15639|accession|NZ_KB904332.1	2.3869553078119278e-05	5.46313747985468e-06	1.0	5.46313747985468e-06	0.0	2.3869553078119278e-05	5.46313747985468e-06	1.0	5.46313747985468e-06	0.0
ti|29379|org|Staphylococcus_auricularis|accession|NZ_LLER01000037.1	2.374678065251158e-05	5.46313747985468e-06	1.0	5.46313747985468e-06	0.0	1.617425789126063e-05	5.46313747985468e-06	1.0	5.46313747985468e-06	0.0
ti|28141|org|Cronobacter_sakazakii|accession|NZ_CP011047.1	2.3179163133502017e-05	4.370509983883744e-05	8.0	4.370509983883744e-05	0.0	0.00011690745620850501	5.842496166496335e-05	10.694397107963216	0.0	0.00043705099838837444
ti|529884|org|Rhodoluna_lacicola|accession|NZ_CP007490.1	2.289756070251937e-05	6.555764975825616e-05	12.0	6.555764975825616e-05	0.0	1.9525832395151837e-05	6.282608101832883e-05	11.5	5.4631374798546805e-05	1.092627495970936e-05
ti|1566885|org|Mycolicibacterium_komanii|accession|NZ_CVTA01000056.1	2.187510140845692e-05	2.7315687399273403e-05	5.0	2.7315687399273403e-05	0.0	2.187510140845692e-05	2.7315687399273403e-05	5.0	2.7315687399273403e-05	0.0
ti|1485682|org|Mitosporidium_daphniae|accession|NW_013546451.1	2.185398161432064e-05	3.277882487912808e-05	6.0	3.277882487912808e-05	0.0	2.185398161432064e-05	3.277882487912808e-05	6.0	3.277882487912808e-05	0.0
ti|622312|org|Roseburia_inulinivorans_DSM_16841|accession|NZ_ACFY01000068.1	2.111393751522887e-05	0.000136578436996367	25.0	0.000136578436996367	0.0	2.111393751522887e-05	0.000136578436996367	25.0	0.000136578436996367	0.0
ti|983920|org|Novosphingobium_nitrogenifigens_DSM_19370|accession|NZ_GL876934.1	2.055060974667352e-05	2.185254991941872e-05	4.0	2.185254991941872e-05	0.0	1.5623820246341642e-05	6.156535698451621e-06	1.126923076923077	5.46313747985468e-06	1.092627495970936e-05
ti|1035839|org|Haemophilus_sputorum_CCUG_13788|accession|NZ_AFNK01000085.1	2.053683258201722e-05	1.092627495970936e-05	2.0	1.092627495970936e-05	0.0	2.053683258201722e-05	1.092627495970936e-05	2.0	1.092627495970936e-05	0.0
ti|494023|org|Paeniglutamicibacter_antarcticus|accession|NZ_CZJT01000075.1	2.0209763357966135e-05	2.7315687399273403e-05	5.0	2.7315687399273403e-05	0.0	2.0209763357966135e-05	2.7315687399273403e-05	5.0	2.7315687399273403e-05	0.0
ti|469616|org|Fusobacterium_mortiferum_ATCC_9817|accession|NZ_GL987993.1	1.9019949917707792e-05	2.7315687399273403e-05	5.0	2.7315687399273403e-05	0.0	2.017623946353217e-05	2.4681674685772037e-05	4.517857142857142	2.7315687399273403e-05	2.185254991941872e-05
ti|47763|org|Streptomyces_lydicus|accession|NZ_CP017157.1	1.8881540104550942e-05	1.638941243956404e-05	3.0	1.638941243956404e-05	0.0	1.8253115339221564e-06	2.120217640991221e-06	0.38809523809523805	0.0	1.638941243956404e-05
ti|755732|org|Fluviicola_taffensis_DSM_16823|accession|NC_015321.1	1.873237180844036e-05	2.7315687399273403e-05	5.0	2.7315687399273403e-05	0.0	1.8043682783336458e-05	2.4584118659346062e-05	4.5	2.7315687399273403e-05	0.0
ti|1177179|org|Alcanivorax_hongdengensis_A-11-3|accession|NZ_AMRJ01000081.1	1.8357573151237297e-05	8.194706219782021e-05	15.0	8.194706219782021e-05	0.0	1.8357573150971078e-05	8.194706219782021e-05	15.0	8.194706219782021e-05	0.0
ti|764842|org|Derxia_lacustris|accession|NZ_MUHU01000009.1	1.8020493414522694e-05	5.46313747985468e-06	1.0	5.46313747985468e-06	0.0	7.523240235731771e-06	2.5342887753770322e-06	0.46388888888888885	0.0	3.824196235898276e-05
ti|888742|org|Neisseria_bacilliformis_ATCC_BAA-1200|accession|NZ_GL878495.1	1.801037161955433e-05	5.4631374798546805e-05	10.0	5.4631374798546805e-05	0.0	1.5848936526693864e-05	2.501789808189874e-05	4.579401154401155	5.46313747985468e-06	9.287333715752957e-05
ti|1349767|org|Janthinobacterium_agaricidamnosum_NBRC_102515_=_DSM_9628|accession|NZ_HG322949.1	1.7929589847394805e-05	2.185254991941872e-05	4.0	2.185254991941872e-05	0.0	2.8125059583979094e-05	2.3629964628079847e-05	4.325346875346876	1.092627495970936e-05	9.833647463738425e-05
ti|1035839|org|Haemophilus_sputorum_CCUG_13788|accession|NZ_AFNK01000001.1	1.768734987377549e-05	1.638941243956404e-05	3.0	1.638941243956404e-05	0.0	1.768734987377549e-05	1.638941243956404e-05	3.0	1.638941243956404e-05	0.0
ti|411466|org|Schaalia_odontolytica_ATCC_17982|accession|NZ_DS264586.1	1.7657038327327257e-05	3.277882487912808e-05	6.0	3.277882487912808e-05	0.0	9.193495453145631e-06	2.4584118659346062e-05	4.5	2.185254991941872e-05	5.46313747985468e-06
ti|1160718|org|Streptomyces_auratus_AGR0001|accession|NZ_JH725404.1	1.7266072158831153e-05	6.0094512278401486e-05	11.0	6.0094512278401486e-05	0.0	1.537752888320454e-05	4.8257714405383005e-05	8.833333333333332	4.9168237318692124e-05	1.092627495970936e-05
ti|1223521|org|Comamonas_granuli_NBRC_101663|accession|NZ_BBJX01000025.1	1.714286982435936e-05	1.092627495970936e-05	2.0	1.092627495970936e-05	0.0	1.904731353580565e-05	7.445889810882025e-06	1.3629329004329003	0.0	7.102078723811085e-05
ti|523794|org|Leptotrichia_buccalis_C-1013-b|accession|NC_013192.1	1.6721714090271765e-05	2.7315687399273403e-05	5.0	2.7315687399273403e-05	0.0	1.6281340938921906e-05	1.912098117949138e-05	3.5	2.185254991941872e-05	0.0
ti|494023|org|Paeniglutamicibacter_antarcticus|accession|NZ_CZJT01000026.1	1.656976773405996e-05	2.7315687399273403e-05	5.0	2.7315687399273403e-05	0.0	8.872541418358052e-06	1.912098117949138e-05	3.5	2.185254991941872e-05	0.0
ti|213588|org|Thermomonas_hydrothermalis|accession|NZ_FQUK01000069.1	1.652137252386435e-05	2.185254991941872e-05	4.0	2.185254991941872e-05	0.0	1.546223537162132e-05	1.638941243956404e-05	3.0	1.638941243956404e-05	0.0
ti|1206725|org|Nocardia_brevicatena_NBRC_12119|accession|NZ_BAFU01000131.1	1.6512385948762113e-05	3.824196235898276e-05	7.0	3.824196235898276e-05	0.0	2.4484152491246757e-05	6.0094512278401486e-05	11.0	6.0094512278401486e-05	5.46313747985468e-06
ti|1574624|org|[Propionibacterium]_namnetense|accession|NZ_LWHO01000015.1	1.650231047314579e-05	1.092627495970936e-05	2.0	1.092627495970936e-05	0.0	0.0002369579021420951	9.28765890250771e-05	17.000595238095237	6.0094512278401486e-05	0.00016389412439564042
ti|1871111|org|Acinetobacter_defluvii|accession|NZ_CP029397.2	1.63922899692553e-05	5.46313747985468e-06	1.0	5.46313747985468e-06	0.0	1.6798496752318673e-05	9.772922304074238e-06	1.788884563149269	0.0	0.00012018902455680297
ti|1224164|org|Corynebacterium_vitaeruminis_DSM_20294|accession|NZ_CP004353.1	1.6354071412838685e-05	2.185254991941872e-05	4.0	2.185254991941872e-05	0.0	1.8277835760983374e-05	2.2622355655216426e-05	4.140909090909091	2.185254991941872e-05	1.092627495970936e-05
ti|1125700|org|Treponema_medium_ATCC_700293|accession|NZ_KE332517.1	1.6331818030338556e-05	1.092627495970936e-05	2.0	1.092627495970936e-05	0.0	9.419071271311555e-06	7.284183306472907e-06	1.3333333333333333	5.46313747985468e-06	5.46313747985468e-06
ti|1547597|org|Sanguibacteroides_justesenii|accession|NZ_JPIU01000018.1	1.6106306081283757e-05	8.194706219782021e-05	15.0	8.194706219782021e-05	0.0	1.6106306081283757e-05	8.194706219782021e-05	15.0	8.194706219782021e-05	0.0
ti|211586|org|Shewanella_oneidensis_MR-1|accession|NC_004347.2	1.6019986179335944e-05	5.46313747985468e-06	1.0	5.46313747985468e-06	0.0	1.0251274780600446e-05	4.483526643737464e-06	0.8206871345029241	0.0	3.824196235898276e-05
ti|53463|org|Paracoccus_solventivorans|accession|NZ_FRCK01000021.1	1.5899319373275067e-05	1.092627495970936e-05	2.0	1.092627495970936e-05	0.0	2.5679303596945587e-06	1.0536050854005455e-06	0.19285714285714284	0.0	1.092627495970936e-05
ti|263474|org|Bacillus_humi|accession|NZ_LMBW01000096.1	1.580354400880645e-05	2.185254991941872e-05	4.0	2.185254991941872e-05	0.0	1.6607609878126058e-05	2.3901226474364226e-05	4.375	2.185254991941872e-05	2.7315687399273403e-05
ti|1156935|org|Agrobacterium_albertimagni_AOL15|accession|NZ_ALJF01000029.1	1.5777013466777276e-05	1.092627495970936e-05	2.0	1.092627495970936e-05	0.0	2.8099481724805957e-06	1.36578436996367e-06	0.25	0.0	1.092627495970936e-05
ti|1035839|org|Haemophilus_sputorum_CCUG_13788|accession|NZ_AFNK01000035.1	1.5764522687800763e-05	1.092627495970936e-05	2.0	1.092627495970936e-05	0.0	1.5764522687800763e-05	1.092627495970936e-05	2.0	1.092627495970936e-05	0.0
ti|1195246|org|Alishewanella_agri_BL06|accession|NZ_AKKU01000024.1	1.5513328358489493e-05	5.46313747985468e-06	1.0	5.46313747985468e-06	0.0	8.433286530336139e-06	3.019102291498639e-06	0.5526315789473684	0.0	1.092627495970936e-05
ti|289003|org|Pseudomonas_borbori|accession|NZ_FOWX01000078.1	1.5406884353651684e-05	1.092627495970936e-05	2.0	1.092627495970936e-05	0.0	0.00016781525287540362	7.889173343019262e-05	14.440737345729609	0.0	0.0003824196235898276
ti|936046|org|Agaricus_bisporus_var._bisporus_H97|accession|NW_006267345.1	1.539757547818615e-05	1.092627495970936e-05	2.0	1.092627495970936e-05	0.0	1.501516934418214e-06	1.5015641026501168e-06	0.27485380116959063	0.0	1.638941243956404e-05
ti|451640|org|Catenibacterium_mitsuokai_DSM_15897|accession|NZ_ACCK01000460.1	1.5394452634374682e-05	1.092627495970936e-05	2.0	1.092627495970936e-05	0.0	1.5394452631552365e-05	5.736294353847415e-06	1.05	5.46313747985468e-06	5.46313747985468e-06
ti|875454|org|Peptoniphilus_rhinitidis_1-13|accession|NZ_BAEW01000032.1	1.5394452631429816e-05	5.46313747985468e-06	1.0	5.46313747985468e-06	0.0	1.566513548855707e-05	6.828921849818351e-06	1.25	5.46313747985468e-06	5.46313747985468e-06
ti|76775|org|Malassezia_restricta|accession|NC_040195.1	1.5394452631403822e-05	5.46313747985468e-06	1.0	5.46313747985468e-06	0.0	1.5394452631403822e-05	5.46313747985468e-06	1.0	5.46313747985468e-06	0.0
ti|1397694|org|Exiguobacterium_aurantiacum_DSM_6208|accession|NZ_JNIQ01000001.1	1.5394452631403822e-05	5.46313747985468e-06	1.0	5.46313747985468e-06	0.0	1.2665778037953e-05	5.46313747985468e-06	1.0	5.46313747985468e-06	0.0
ti|1090615|org|Nakamurella_panacisegetis|accession|NZ_LT629710.1	1.5394452631403822e-05	1.092627495970936e-05	2.0	1.092627495970936e-05	0.0	1.3748052686670056e-05	5.46313747985468e-06	1.0	5.46313747985468e-06	0.0
ti|1035839|org|Haemophilus_sputorum_CCUG_13788|accession|NZ_AFNK01000006.1	1.5394452631403822e-05	5.46313747985468e-06	1.0	5.46313747985468e-06	0.0	1.5394452631403822e-05	5.46313747985468e-06	1.0	5.46313747985468e-06	0.0
ti|1223508|org|Moraxella_atlantae_NBRC_14588|accession|NZ_BCUL01000060.1	1.53498809199789e-05	5.46313747985468e-06	1.0	5.46313747985468e-06	0.0	6.4722660028842854e-06	5.46313747985468e-06	1.0	0.0	5.46313747985468e-06
ti|1249481|org|Brachybacterium_muris_UCD-AY4|accession|NZ_AORC01000022.1	1.5346669618885794e-05	1.092627495970936e-05	2.0	1.092627495970936e-05	0.0	4.130796414616544e-06	5.46313747985468e-06	1.0	0.0	5.46313747985468e-06
ti|1450537|org|Aspergillus_homomorphus_CBS_101889|accession|NW_020291890.1	1.5257514696614493e-05	1.638941243956404e-05	3.0	1.638941243956404e-05	1.638941243956404e-05	1.2143103169755308e-05	1.2617246084426287e-05	2.3095238095238098	0.0	3.277882487912808e-05
ti|1209926|org|Colletotrichum_orchidophilum|accession|NW_019172960.1	1.5257514696614493e-05	4.9168237318692124e-05	9.0	4.9168237318692124e-05	1.638941243956404e-05	1.2143103169755308e-05	2.9613673799529734e-05	5.42063492063492	1.638941243956404e-05	4.370509983883744e-05
ti|494023|org|Paeniglutamicibacter_antarcticus|accession|NZ_CZJT01000165.1	1.4058266791098389e-05	1.092627495970936e-05	2.0	1.092627495970936e-05	0.0	1.4058266791098389e-05	1.092627495970936e-05	2.0	1.092627495970936e-05	0.0
ti|1509407|org|Aspergillus_nomius_NRRL_13137|accession|NW_015379041.1	1.3852187631180684e-05	0.0001420415744762217	26.0	0.0001420415744762217	0.0	0.001003229469032128	0.002772184565595976	507.4345238095154	0.000650113360102707	0.008577125843371848
ti|312153|org|Polynucleobacter_asymbioticus_QLW-P1DMWA-1|accession|NC_009379.1	1.3647381756132638e-05	1.638941243956404e-05	3.0	1.638941243956404e-05	0.0	1.7727310498085883e-05	1.2560546855392383e-05	2.299145299145299	5.46313747985468e-06	2.7315687399273403e-05
ti|665550|org|Dietzia_alimentaria|accession|NZ_MDCG01000376.1	1.3481661333510061e-05	2.7315687399273403e-05	5.0	2.7315687399273403e-05	0.0	8.931716155795624e-06	2.4584118659346062e-05	4.5	2.185254991941872e-05	5.46313747985468e-06
ti|1122992|org|Prevotella_timonensis_4401737_=_DSM_22865_=_JCM_15640|accession|NZ_HG417113.1	1.2591960457544258e-05	1.092627495970936e-05	2.0	1.092627495970936e-05	0.0	1.2591960457544258e-05	1.092627495970936e-05	2.0	1.092627495970936e-05	0.0
ti|1177179|org|Alcanivorax_hongdengensis_A-11-3|accession|NZ_AMRJ01000086.1	1.2346177867547409e-05	2.7315687399273403e-05	5.0	2.7315687399273403e-05	0.0	1.2346177867547409e-05	2.7315687399273403e-05	5.0	2.7315687399273403e-05	0.0
ti|187101|org|Sneathia_amnii|accession|NZ_CP011280.1	1.2067480186279328e-05	1.092627495970936e-05	2.0	1.092627495970936e-05	0.0	1.0307646156797637e-05	5.46313747985468e-06	1.0	5.46313747985468e-06	0.0
ti|1236508|org|Prevotella_aurantiaca_JCM_15754|accession|NZ_BAKF01000091.1	1.1962433222254835e-05	2.73156873992734e-06	0.5	5.46313747985468e-06	0.0	3.6184001765474604e-06	7.804482114078115e-07	0.14285714285714285	0.0	5.46313747985468e-06
ti|1122983|org|Prevotella_falsenii_DSM_22864_=_JCM_15124|accession|NZ_BAJY01000065.1	1.1962433222254835e-05	2.73156873992734e-06	0.5	5.46313747985468e-06	0.0	3.6184001765474604e-06	7.804482114078115e-07	0.14285714285714285	0.0	5.46313747985468e-06
ti|742816|org|Megamonas_funiformis_YIT_11815|accession|NZ_JH601094.1	1.1938976714966223e-05	2.73156873992734e-06	0.5	5.46313747985468e-06	0.0	4.812311631914851e-06	1.5478889526254927e-06	0.2833333333333333	0.0	1.092627495970936e-05
ti|742816|org|Megamonas_funiformis_YIT_11815|accession|NZ_JH601090.1	1.1938976714966223e-05	2.73156873992734e-06	0.5	5.46313747985468e-06	0.0	4.812311631914851e-06	1.5478889526254927e-06	0.2833333333333333	0.0	1.092627495970936e-05
ti|324831|org|Lactobacillus_gasseri_ATCC_33323_=_JCM_1131|accession|NC_008530.1	1.1934776539059639e-05	8.19470621978202e-06	1.5	1.092627495970936e-05	0.0	1.0774197287079064e-05	2.73156873992734e-06	0.5	0.0	5.46313747985468e-06
ti|319795|org|Deinococcus_geothermalis_DSM_11300|accession|NC_008025.1	1.1934776539059639e-05	2.73156873992734e-06	0.5	5.46313747985468e-06	0.0	1.1934776539059639e-05	2.73156873992734e-06	0.5	5.46313747985468e-06	0.0
ti|319795|org|Deinococcus_geothermalis_DSM_11300|accession|NC_008010.2	1.1934776539059639e-05	2.73156873992734e-06	0.5	5.46313747985468e-06	0.0	1.1934776539059639e-05	2.73156873992734e-06	0.5	5.46313747985468e-06	0.0
ti|1423758|org|Lactobacillus_hominis_DSM_23910_=_CRBIP_24.179|accession|NZ_CAKE01000006.1	1.1934776539059639e-05	2.73156873992734e-06	0.5	5.46313747985468e-06	0.0	1.0774197287079064e-05	2.73156873992734e-06	0.5	0.0	5.46313747985468e-06
ti|796942|org|Stomatobaculum_longum|accession|NZ_JH590862.1	1.1677370359882118e-05	1.638941243956404e-05	3.0	1.638941243956404e-05	0.0	4.505079585438565e-05	4.5070884208801115e-05	8.25	1.092627495970936e-05	0.0001147258870769483
ti|413882|org|[Polyangium]_brachysporum|accession|NZ_CP011371.1	1.1306647464650567e-05	1.092627495970936e-05	2.0	1.092627495970936e-05	0.0	1.7486268561876756e-05	6.707808176588755e-06	1.2278307476836887	0.0	8.194706219782021e-05
ti|1287475|org|Corynebacterium_freneyi_DNF00450|accession|NZ_JRNE01000043.1	1.1267647258892267e-05	1.638941243956404e-05	3.0	1.638941243956404e-05	0.0	2.767897618093711e-06	4.3575025136936144e-06	0.7976190476190477	5.46313747985468e-06	1.092627495970936e-05
ti|1587|org|Lactobacillus_helveticus|accession|NZ_CP012381.1	1.0973208094556624e-05	1.638941243956404e-05	3.0	1.638941243956404e-05	0.0	1.6647886608750342e-06	3.6420916532364534e-06	0.6666666666666666	0.0	1.092627495970936e-05
ti|1219050|org|Sphingomonas_paucimobilis_NBRC_13935|accession|NZ_BBJS01000072.1	1.0874378567908083e-05	2.7315687399273403e-05	5.0	2.7315687399273403e-05	0.0	1.304165947852699e-05	1.889985418625917e-05	3.4595238095238097	1.092627495970936e-05	2.7315687399273403e-05
ti|556533|org|Pseudomonas_benzenivorans|accession|NZ_FNCT01000040.1	1.0644924140702641e-05	5.46313747985468e-06	1.0	5.46313747985468e-06	0.0	0.0003191600985107716	0.0001777352492613344	32.53354870104096	7.648392471796552e-05	0.0004807560982272119
ti|1206725|org|Nocardia_brevicatena_NBRC_12119|accession|NZ_BAFU01000116.1	1.0639153797855965e-05	4.370509983883744e-05	8.0	4.370509983883744e-05	0.0	1.6945643657514536e-05	6.711854618107178e-05	12.285714285714285	4.9168237318692124e-05	2.7315687399273403e-05
ti|34062|org|Moraxella_osloensis|accession|NZ_CP014234.1	1.0590551197872911e-05	1.638941243956404e-05	3.0	1.638941243956404e-05	0.0	1.1951454380253532e-05	1.7257087215776255e-05	3.1588235294117646	1.638941243956404e-05	1.092627495970936e-05
ti|525284|org|Gardnerella_vaginalis_ATCC_14019|accession|NC_014644.1	1.039868815029718e-05	2.185254991941872e-05	4.0	2.185254991941872e-05	0.0	8.597096766715838e-06	1.638941243956404e-05	3.0	2.185254991941872e-05	0.0
ti|214688|org|Gemmata_obscuriglobus_UQM_2246|accession|NZ_ABGO01000740.1	1.0225709832166973e-05	1.638941243956404e-05	3.0	1.638941243956404e-05	0.0	1.0225709832166973e-05	1.638941243956404e-05	3.0	1.638941243956404e-05	0.0
ti|342108|org|Magnetospirillum_magneticum_AMB-1|accession|NC_007626.1	1.0163004319045197e-05	5.46313747985468e-06	1.0	5.46313747985468e-06	0.0	1.0365146885571826e-05	5.766645117624385e-06	1.0555555555555556	5.46313747985468e-06	5.46313747985468e-06
ti|438753|org|Azorhizobium_caulinodans_ORS_571|accession|NC_009937.1	1.0158570364280887e-05	5.46313747985468e-06	1.0	5.46313747985468e-06	0.0	2.296602768386393e-06	9.105229133091134e-07	0.16666666666666666	0.0	1.092627495970936e-05
ti|983594|org|Burkholderia_cepacia_ATCC_25416|accession|NZ_CP012981.1	1.0136962372832906e-05	5.46313747985468e-06	1.0	5.46313747985468e-06	0.0	8.286236428584752e-06	3.504714511930166e-06	0.6415204678362573	0.0	2.7315687399273403e-05
ti|367775|org|Cryptococcus_gattii_WM276|accession|NC_014939.1	1.007413479077272e-05	4.9168237318692124e-05	9.0	4.9168237318692124e-05	0.0	4.246487955558227e-06	8.305973540249534e-06	1.520366926674976	0.0	8.194706219782021e-05
ti|1513592|org|Colwellia_marinimaniae|accession|NZ_BDQM01000497.1	9.932213514889657e-06	1.092627495970936e-05	2.0	1.092627495970936e-05	0.0	9.932213514889657e-06	1.092627495970936e-05	2.0	1.092627495970936e-05	0.0
ti|332952|org|Aspergillus_flavus_NRRL3357|accession|NW_002477665.1	9.931407104001126e-06	0.00012018902455680297	22.0	0.00012018902455680297	0.0	2.3131358894767908e-05	0.0001638941243956404	29.999999999999996	0.00016389412439564042	3.277882487912808e-05
ti|76123|org|Prevotella_enoeca|accession|NZ_CP013195.1	9.92855923102271e-06	1.092627495970936e-05	2.0	1.092627495970936e-05	0.0	9.928515462003471e-06	6.646817267156529e-06	1.2166666666666668	5.46313747985468e-06	1.092627495970936e-05
ti|981334|org|Acinetobacter_radioresistens_DSM_6976_=_NBRC_102413_=_CIP_103788|accession|NZ_KB849747.1	9.92851315837088e-06	5.46313747985468e-06	1.0	5.46313747985468e-06	0.0	2.1279708977117663e-05	1.1429740570597929e-05	2.0921568627450977	5.46313747985468e-06	4.370509983883744e-05
ti|927655|org|Corynebacterium_bovis_DSM_20582_=_CIP_54.80|accession|NZ_AENJ01000027.1	9.92851315837088e-06	5.46313747985468e-06	1.0	5.46313747985468e-06	0.0	1.4753472468255748e-05	8.19470621978202e-06	1.5	5.46313747985468e-06	5.46313747985468e-06
ti|869212|org|Turneriella_parva_DSM_21527|accession|NC_018020.1	9.92851315837088e-06	5.46313747985468e-06	1.0	5.46313747985468e-06	0.0	9.92851315837088e-06	5.46313747985468e-06	1.0	5.46313747985468e-06	0.0
ti|44008|org|Enterococcus_cecorum|accession|NZ_CP010064.1	9.92851315837088e-06	5.46313747985468e-06	1.0	5.46313747985468e-06	0.0	9.92851315837088e-06	5.46313747985468e-06	1.0	5.46313747985468e-06	0.0
ti|214688|org|Gemmata_obscuriglobus_UQM_2246|accession|NZ_ABGO01000704.1	9.92851315837088e-06	5.46313747985468e-06	1.0	5.46313747985468e-06	0.0	9.92851315837088e-06	5.46313747985468e-06	1.0	5.46313747985468e-06	0.0
ti|1232427|org|Corynebacterium_ihumii|accession|NZ_HG001324.1	9.92851315837088e-06	5.46313747985468e-06	1.0	5.46313747985468e-06	0.0	1.0734769531756974e-05	5.46313747985468e-06	1.0	5.46313747985468e-06	0.0
