Total Number of Aligned Reads:	206098	Total Number of Mapped Genomes:	7493
Genome	Final Guess	Final Best Hit	Final Best Hit Read Numbers	Final High Confidence Hits	Final Low Confidence Hits	Initial Guess	Initial Best Hit	Initial Best Hit Read Numbers	Initial High Confidence Hits	Initial Low Confidence Hits
ti|1969841|org|Proteus_phage_VB_PmiS-Isfahan|accession|NC_041925.1	0.5217409692173428	0.5206794825762502	107311.0	0.5206794825762502	0.0	0.5217409692173395	0.5206421253175711	107303.30074370078	0.5205630331201662	0.0001213015167541655
ti|365659|org|Streptococcus_mitis_B6|accession|NC_013853.1	0.21137457346337332	0.139370590689866	28724.0	0.139370590689866	0.0	0.07553329196248502	0.055843481668812735	11509.229884978968	0.04128618424244777	0.07013168492658832
ti|1197720|org|Microbacterium_barkeri_2011-R4|accession|NZ_AKVP01000090.1	0.03639920548230797	0.046836941649118384	9653.0	0.046836941649118384	0.0	0.029532466445800352	0.039022778807492546	8042.516666666599	0.04027210356238294	0.002028161360129647
ti|398843|org|Rhodococcus_kyotonensis|accession|NZ_LVHI01000035.1	0.031772129850179465	0.025832371007967085	5324.0	0.025832371007967085	0.0	0.016176960980313716	0.013711923453890922	2826.0000000000114	0.02365379576706227	0.002028161360129647
ti|171101|org|Streptococcus_pneumoniae_R6|accession|NC_003098.1	0.031081388598246135	0.023280187095459443	4798.0	0.023280187095459443	0.0	0.05250271885215729	0.040407044573940544	8327.811072599998	0.025934264282040584	0.06950091703946666
ti|1234409|org|Catellicoccus_marimammalium_M35/04/3|accession|NZ_AMYT01000013.1	0.02967956931990947	0.02797698182418073	5766.0	0.02797698182418073	0.0	0.019245870859589412	0.01888600352108289	3892.367553688142	0.025216159302855923	0.0009073353453211578
ti|1234409|org|Catellicoccus_marimammalium_M35/04/3|accession|NZ_AMYT01000014.1	0.024555463310092805	0.029631534512707548	6107.0	0.029631534512707548	0.0	0.02277098818968087	0.02737451762430113	5641.833333333214	0.028656270318004055	0.0020233092994594803
ti|1161202|org|Porphyrobacter_colymbi|accession|NZ_MUYK01000052.1	0.021661112653805943	0.020703742879600966	4267.0	0.020703742879600966	0.0	0.021661112653805943	0.020708594940271132	4268.0	0.020708594940271132	0.0
ti|494023|org|Paeniglutamicibacter_antarcticus|accession|NZ_CZJT01000051.1	0.010697863155687196	0.029747983968791546	6131.0	0.029747983968791546	0.0	0.00511805267968213	0.014554957442806807	2999.7476190475973	0.012528020650370212	0.011892400702578385
ti|538381|org|Stappia_indica|accession|NZ_MBQE01000017.1	0.009412999671045155	0.008976312239808246	1850.0	0.008976312239808246	0.0	0.011682154800104908	0.011469058409106345	2363.7499999999995	0.011120923056021893	0.002144610816213646
ti|398843|org|Rhodococcus_kyotonensis|accession|NZ_LVHI01000036.1	0.0058464628886471725	0.007855486224999757	1619.0	0.007855486224999757	0.0	0.008504015810190104	0.011057846267309726	2279.0	0.012110743432735884	0.0
ti|1123312|org|Streptococcus_ovis_DSM_16829|accession|NZ_KB904578.1	0.004844769986309501	0.0037797552620597967	779.0	0.0037749032013896303	4.852060670166619e-06	0.0074006184033111756	0.006949578854491922	1432.2943027530762	0.004425079331191957	0.011091810692000893
ti|467705|org|Streptococcus_gordonii_str._Challis_substr._CH1|accession|NC_009785.1	0.004689388963040657	0.004143659812322294	854.0	0.0037554949587089636	0.0003881648536133296	0.007849209336257629	0.00407269872704492	839.3750622465041	0.00022319479082766452	0.028185620432997893
ti|399739|org|Pseudomonas_mendocina_ymp|accession|NC_009439.1	0.004618695072041869	0.0029403487661209715	606.0	0.0029403487661209715	0.0	0.0014165391548006253	0.001145288633142709	236.04169671344604	0.0007617735252161593	0.0017515939019301498
ti|1177179|org|Alcanivorax_hongdengensis_A-11-3|accession|NZ_AMRJ01000061.1	0.00451781064457634	0.009451814185484575	1948.0	0.009451814185484575	0.0	0.004749089824727144	0.011690786029207515	2409.4476190476103	0.010480451047559899	0.010742462323748897
ti|1510458|org|Pseudoruegeria_sabulilitoris|accession|NZ_LOAS01000141.1	0.004495601838664794	0.008835602480373414	1821.0	0.008835602480373414	0.0	0.004199708390755952	0.0077713838400502114	1601.6666666666686	0.0071859018525167635	0.001581771778474318
ti|1051074|org|Streptococcus_thermophilus_JIM_8232|accession|NC_017581.1	0.004191269857643085	0.0029015322807596387	598.0	0.002896680220089472	4.852060670166619e-06	0.004468823202171784	0.0021681400038858875	446.8493185208736	7.763297072266591e-05	0.015293695232365186
ti|267747|org|Cutibacterium_acnes_KPA171202|accession|NC_006085.1	0.0035511298762832917	0.0017612980232704829	363.0	0.0017612980232704829	0.0	0.0025286890014557173	0.0013526736471646177	278.78333333333336	0.0012081631068714884	0.0004706498850061621
ti|198214|org|Shigella_flexneri_2a_str._301|accession|NC_004337.2	0.0032164631612519143	0.0018292268726528157	377.0	0.0018292268726528157	0.0	0.0005815130662662515	0.00033599409667144737	69.24771133579196	9.218915273316578e-05	0.001276091956253821
ti|760570|org|Streptococcus_parasanguinis_ATCC_15912|accession|NC_015678.1	0.002236393488958093	0.0015138429290919855	312.0	0.0014992867470814855	1.455618201049986e-05	0.013526480235942221	0.009071703384231865	1869.6599240834191	0.0017127774165688167	0.030320527127871207
ti|1510458|org|Pseudoruegeria_sabulilitoris|accession|NZ_LOAS01000122.1	0.0015662621219324658	0.0014701743830604858	303.0	0.0014701743830604858	0.0	0.0023823018908746196	0.0025360912446182556	522.6833333333333	0.0027074498539529737	0.00014070975943483198
ti|1335|org|Streptococcus_equinus|accession|NZ_JNLO01000001.1	0.0011716079293078488	0.0008248503139283254	170.0	0.0008248503139283254	0.0	0.0020273270763560896	0.0007679591181290777	158.27483832816665	3.8816485361332955e-05	0.006715251967510601
ti|1510458|org|Pseudoruegeria_sabulilitoris|accession|NZ_LOAS01000115.1	0.001013207269064522	0.0017661500839406495	364.0	0.0017661500839406495	0.0	0.0033244315905556856	0.004910799611160077	1012.1059782608696	0.006778328756222768	2.42603033508331e-05
ti|58627|org|Debaryomyces_fabryi|accession|NW_015385825.1	0.0009352180261855081	0.0034886316218498	719.0	0.0034886316218498	0.0	0.0012499080705922234	0.004134279161693313	852.0666666666684	0.004323186057118458	0.00039786897495366284
ti|169292|org|Corynebacterium_aurimucosum|accession|NZ_JVXO01000036.1	0.0009104767468290031	0.0006453240691321605	133.0	0.0006453240691321605	0.0	0.0002992209192238756	0.00021367318251852937	44.03761557070386	7.278091005249929e-05	0.0004949101883569952
ti|402734|org|Flavobacterium_terrigena|accession|NZ_FNYA01000017.1	0.0008650339795510918	0.0007181049791846597	148.0	0.0007181049791846597	0.0	0.0005305265226582383	0.0005172302388882109	106.6001177743825	0.00044638958165532904	0.00022319479082766452
ti|680646|org|Rothia_mucilaginosa_DY-18|accession|NC_013715.1	0.0007364204564456194	0.0004657978243359955	96.0	0.0004657978243359955	0.0	0.00056699176666996	0.0003793913770599619	78.19180402930402	0.00034449630758183	0.00010189327407349901
ti|546270|org|Gemella_haemolysans_ATCC_10379|accession|NZ_ACDZ02000011.1	0.0007081346356919054	0.0006938446758338266	143.0	0.0006938446758338266	0.0	0.00015211941209816534	0.00013130519786619429	27.06173866982691	0.0	0.0006550281904724937
ti|211589|org|Herbaspirillum_chlorophenolicum|accession|NZ_LFLT01000090.1	0.0006276163296762157	0.00040272103562382944	83.0	0.00040272103562382944	0.0	0.00024295610445052422	0.00015830165024965554	32.62565351315351	8.733709206299916e-05	0.00022319479082766452
ti|1197720|org|Microbacterium_barkeri_2011-R4|accession|NZ_AKVP01000114.1	0.0005780891154465133	0.0009461518306824909	195.0	0.0009461518306824909	0.0	0.0035302038895408264	0.0028606851487101826	589.5814877788712	0.0038622402934526292	0.0004706498850061621
ti|1051616|org|Verticillium_nonalfalfae|accession|NW_021167660.1	0.0005305330741417635	0.0029840173121524712	615.0	0.0029791652514823044	4.852060670166619e-06	0.0017232652655782704	0.005268436790819459	1085.8142857143089	0.0036584537453056313	0.008049568651806421
ti|1051616|org|Verticillium_nonalfalfae|accession|NW_021167692.1	0.0004930722979918549	0.0018534871760036487	382.0	0.0018534871760036487	0.0	0.0009570605635489688	0.0031780188712813005	654.9833333333335	0.003561412531902299	0.0005143184310376617
ti|771870|org|Sordaria_macrospora_k-hell|accession|NW_020186208.1	0.0004893402764455731	0.000485206067016662	100.0	0.000485206067016662	0.0	0.0004893402764455731	0.000485206067016662	100.0	0.000485206067016662	0.0
ti|398578|org|Delftia_acidovorans_SPH-1|accession|NC_010002.1	0.0004709009455214197	0.0004318333996448292	89.0	0.0004318333996448292	0.0	0.00012047979830487417	0.00013561024297350195	27.948999856352803	8.248503139283254e-05	0.00023775097283816436
ti|40215|org|Acinetobacter_junii|accession|NZ_CP019041.1	0.00046172131066787305	0.00028141951886966396	58.0	0.00028141951886966396	0.0	0.0001806205405494837	0.00011979792183227672	24.690112093788567	8.733709206299916e-05	0.00018923036613649818
ti|494023|org|Paeniglutamicibacter_antarcticus|accession|NZ_CZJT01000006.1	0.0004264258609029534	0.0006210637657813273	128.0	0.0006162117051111607	4.852060670166619e-06	0.009295705016536471	0.005563613711450776	1146.649658702582	0.004512416423254956	0.004289221632427292
ti|759913|org|Streptococcus_dysgalactiae_subsp._equisimilis_AC-2713|accession|NC_019042.1	0.0004184133504983913	0.000790885889237159	163.0	0.000790885889237159	0.0	0.0022401078698320084	0.001425374981570019	293.7669329516178	2.911236402099972e-05	0.012872516957952043
ti|743720|org|Pseudomonas_fulva_12-X|accession|NC_015556.1	0.0004165148371278153	0.0003202360042309969	66.0	0.0003202360042309969	0.0	0.00033705789856878257	0.00022998639709171983	47.39973646780928	8.248503139283254e-05	0.0010043765587244903
ti|166122|org|Human_endogenous_retrovirus_K113|accession|NC_022518.1	0.00040026071483467793	0.0008685188599598249	179.0	0.0008685188599598249	0.0	0.00040026071483467793	0.0008685188599598249	179.0	0.0008685188599598249	0.0
ti|1510458|org|Pseudoruegeria_sabulilitoris|accession|NZ_LOAS01000096.1	0.00039916514468653244	0.00037846073227299637	78.0	0.0003736086716028297	4.852060670166619e-06	0.0075090239460435	0.007283370125260777	1501.0880160759957	0.012586245378412212	0.0005676910984094945
ti|161899|org|Corynebacterium_singulare|accession|NZ_CP010827.1	0.0003547173526828263	0.00025230715484866423	52.0	0.00025230715484866423	0.0	9.54506781312006e-05	6.62457260838409e-05	13.653111654427443	2.911236402099972e-05	0.00020378654814699802
ti|71421|org|Haemophilus_influenzae_Rd_KW20|accession|NC_000907.1	0.0003486738248500081	0.0005094663703674951	105.0	0.0004949101883569952	1.455618201049986e-05	6.519198674542402e-05	0.00015311181037590702	31.556037894853684	0.00010189327407349901	0.00022804685149783113
ti|300267|org|Shigella_dysenteriae_Sd197|accession|NC_007606.1	0.0003157840259992536	0.00025715921551883083	53.0	0.000242603033508331	1.455618201049986e-05	0.00047964579849535985	0.00031410326887189435	64.73605550795968	8.733709206299916e-05	0.0011256780754786558
ti|964|org|Herbaspirillum_seropedicae|accession|NZ_CP011930.1	0.0003102714683850571	0.00020378654814699802	42.0	0.00020378654814699802	0.0	0.00022582558167809304	0.0002045527128040702	42.15790500349326	0.00015526594144533182	0.00028141951886966396
ti|544580|org|Actinomyces_oris|accession|NZ_CP014232.1	0.0003091301802764073	0.00019893448747683142	41.0	0.00019893448747683142	0.0	0.00017506707595710803	0.0001281311597277788	26.407575757575753	0.00010189327407349901	7.278091005249929e-05
ti|1570016|org|Thioflexothrix_psekupsii|accession|NZ_MSLT01000005.1	0.00029544119450779157	0.0014119496550184863	291.0	0.0013925414123378199	1.9408242680666477e-05	0.0009568732731773103	0.0030168380368285324	621.7642857142869	0.0018534871760036487	0.004541528787275956
ti|479436|org|Veillonella_parvula_DSM_2008|accession|NC_013520.1	0.00029501386132423573	0.00020863860881716465	43.0	0.00020863860881716465	0.0	0.00023831554739085593	0.0001811435983528871	37.33333333333333	0.00016497006278566508	4.366854603149958e-05
ti|1242245|org|Acinetobacter_johnsonii_XBB1|accession|NZ_CP010350.1	0.0002900992819375389	0.00020863860881716465	43.0	0.00020863860881716465	0.0	8.01892149563365e-05	0.0001145696857167357	23.612583086847795	4.366854603149958e-05	0.00023289891216799776
ti|638301|org|Granulicatella_adiacens_ATCC_49175|accession|NZ_GG694020.1	0.000285141854492352	0.00018923036613649818	39.0	0.00018923036613649818	0.0	0.00017366349230400364	0.00013461006166218365	27.742864488452724	9.70412134033324e-05	0.00013100563809449874
ti|747|org|Pasteurella_multocida|accession|NZ_CP008918.1	0.00027138444371524033	0.0003881648536133296	80.0	0.0003881648536133296	0.0	5.647849793416411e-05	8.68783369705261e-05	17.90545149295149	1.455618201049986e-05	0.00038331279294316297
ti|1146883|org|Blastococcus_saxobsidens_DD2|accession|NC_016943.1	0.00026412634603987736	0.00023289891216799776	48.0	0.00023289891216799776	0.0	8.082521514807993e-05	7.652042751849641e-05	15.770707070707074	2.911236402099972e-05	0.00013585769876466535
ti|1114970|org|Pseudomonas_fluorescens_F113|accession|NC_016830.1	0.00024660339626231194	0.00016497006278566508	34.0	0.00014556182010499858	1.9408242680666477e-05	7.940441833228448e-05	4.004651436065903e-05	8.253506516703105	0.0	0.0004124251569641627
ti|316|org|Pseudomonas_stutzeri|accession|NC_015740.1	0.0002290969980731381	0.00015041388077516522	31.0	0.00014070975943483198	9.704121340333239e-06	0.0001954416672578959	0.00011962475413107885	24.654422576907088	5.822472804199944e-05	0.0006065075837708275
ti|364197|org|Pseudomonas_pohangensis|accession|NZ_LT629785.1	0.000227609408456597	9.70412134033324e-05	20.0	9.70412134033324e-05	0.0	0.00015574401597786235	7.256758849440253e-05	14.956034853519373	9.704121340333239e-06	0.00034449630758183
ti|1304|org|Streptococcus_salivarius|accession|NZ_CP009913.1	0.00022504770290112104	0.00017952624479616492	37.0	0.00015526594144533182	2.42603033508331e-05	0.00392450029253539	0.0021164712808659928	436.20049804391937	0.0003250880649011635	0.01283370047259071
ti|643561|org|Acidovorax_avenae_subsp._avenae_ATCC_19860|accession|NC_015138.1	0.0002103418921355263	0.00017467418412599832	36.0	0.00016011800211549845	1.455618201049986e-05	3.584698986506658e-05	2.877576464784833e-05	5.930627542392245	0.0	0.0002183427301574979
ti|72758|org|Staphylococcus_capitis_subsp._capitis|accession|NZ_CP007601.1	0.00020789802410241896	9.70412134033324e-05	20.0	9.70412134033324e-05	0.0	5.820631514459343e-05	2.3592096759173757e-05	4.862283957872193	1.455618201049986e-05	7.278091005249929e-05
ti|388919|org|Streptococcus_sanguinis_SK36|accession|NC_009009.1	0.0001989004744925668	0.00015041388077516522	31.0	0.00015041388077516522	0.0	0.006532636424139836	0.00307074517253559	632.87443856924	7.763297072266591e-05	0.022906578423856613
ti|1171377|org|Bibersteinia_trehalosi_USDA-ARS-USMARC-192|accession|NC_020515.1	0.0001956679517054431	0.00014556182010499858	30.0	0.00014070975943483198	4.852060670166619e-06	8.887595825053249e-05	9.417592454545748e-05	19.409469696969698	5.3372667371832815e-05	0.00020378654814699802
ti|100226|org|Streptomyces_coelicolor_A3(2)|accession|NC_003888.3	0.00018875284168830023	0.00012615357742433211	26.0	0.00012615357742433211	0.0	4.167774285920457e-05	3.4038432215513015e-05	7.015252802752801	9.704121340333239e-06	0.00011159739541383226
ti|58627|org|Debaryomyces_fabryi|accession|NW_015385850.1	0.00018458059924727013	0.0007666255858863259	158.0	0.0007666255858863259	0.0	0.0010294293587526334	0.0029596645885984	609.980952380953	0.0011450863181593223	0.006851109666275267
ti|1392877|org|Pseudomonas_oryzae|accession|NZ_LT629751.1	0.00017519762948896246	0.00017467418412599832	36.0	0.00017467418412599832	0.0	0.00021681746977921518	0.00019960820262561398	41.13885134473379	7.278091005249929e-05	0.0008102941319178255
ti|312153|org|Polynucleobacter_asymbioticus_QLW-P1DMWA-1|accession|NC_009379.1	0.00017044089502515162	8.248503139283254e-05	17.0	8.248503139283254e-05	0.0	6.310544744358132e-05	3.373767806507685e-05	6.953267973856208	9.704121340333239e-06	7.278091005249929e-05
ti|638300|org|Cardiobacterium_hominis_ATCC_15826|accession|NZ_GG694026.1	0.00016989883065300317	0.00010674533474366563	22.0	0.00010674533474366563	0.0	0.00014359516943998613	9.001849401230177e-05	18.55263157894737	7.763297072266591e-05	2.911236402099972e-05
ti|1349763|org|Curvibacter_delicatus_NBRC_14919|accession|NZ_BCWP01000019.1	0.000163668710042308	0.00020378654814699802	42.0	0.00019893448747683142	4.852060670166619e-06	4.0381667667044094e-05	6.659292092035965e-05	13.724667815844285	2.911236402099972e-05	0.00018437830546633155
ti|53374|org|Corynebacterium_coyleae|accession|NZ_FNRU01000002.1	0.00016318240517767857	8.248503139283254e-05	17.0	8.248503139283254e-05	0.0	4.283989679819287e-05	1.4026866301027137e-05	2.890909090909091	9.704121340333239e-06	4.85206067016662e-05
ti|376686|org|Flavobacterium_johnsoniae_UW101|accession|NC_009441.1	0.00015168177209115186	0.00016982212345583169	35.0	0.00016011800211549845	9.704121340333239e-06	2.1753308904251564e-05	2.108727969651026e-05	4.346046170891372	0.0	0.00017467418412599832
ti|883112|org|Facklamia_ignava_CCUG_37419|accession|NZ_JH932300.1	0.00014978038902454735	6.792884938233267e-05	14.0	6.792884938233267e-05	0.0	0.00014645038576868575	6.481346173471507e-05	13.357924836601306	6.307678871216606e-05	2.911236402099972e-05
ti|214688|org|Gemmata_obscuriglobus_UQM_2246|accession|NZ_ABGO01000756.1	0.000149755746720862	0.0006550281904724937	135.0	0.0006550281904724937	0.0	0.00018911301244264276	0.0007790792082730869	160.56666666666666	0.0007811817678968258	2.42603033508331e-05
ti|214688|org|Gemmata_obscuriglobus_UQM_2246|accession|NZ_ABGO01000668.1	0.00014526226866508506	0.0006307678871216606	130.0	0.0006307678871216606	0.0	0.0001454562422627756	0.0006453240691321605	133.0	0.0006453240691321605	0.0
ti|28141|org|Cronobacter_sakazakii|accession|NZ_CP011047.1	0.0001448486903580509	9.218915273316578e-05	19.0	9.218915273316578e-05	0.0	0.00010429066357015314	6.029713266643624e-05	12.427118448287176	0.0	0.00045124164232549565
ti|342451|org|Staphylococcus_saprophyticus_subsp._saprophyticus_ATCC_15305_=_NCTC_7292|accession|NC_007350.1	0.0001400201935825734	6.307678871216606e-05	13.0	6.307678871216606e-05	0.0	2.1239402032198996e-05	1.0235851152194203e-05	2.109588450764921	4.852060670166619e-06	4.85206067016662e-05
ti|225991|org|Comamonas_aquatica|accession|NZ_CP016603.1	0.000132860620550146	6.792884938233267e-05	14.0	6.792884938233267e-05	0.0	3.862456466318171e-05	3.0612203040273645e-05	6.309113822194318	4.852060670166619e-06	0.00016011800211549845
ti|34062|org|Moraxella_osloensis|accession|NZ_CP014234.1	0.00013092207639724403	9.70412134033324e-05	20.0	9.70412134033324e-05	0.0	7.686763715197846e-05	6.908515215243083e-05	14.238311688311688	6.307678871216606e-05	2.911236402099972e-05
ti|1160719|org|Cutibacterium_granulosum_DSM_20700|accession|NZ_AOSS01000369.1	0.00013024140507935674	5.3372667371832815e-05	11.0	5.3372667371832815e-05	0.0	0.0001378866291735716	6.162117051111606e-05	12.7	5.3372667371832815e-05	2.911236402099972e-05
ti|764291|org|Streptococcus_urinalis_2285-97|accession|NZ_AEUZ02000001.1	0.00012778976903883785	0.00014070975943483198	29.0	0.00014070975943483198	0.0	0.00218362667950139	0.0015370938827774141	316.7919750526595	2.42603033508331e-05	0.013619734301157701
ti|762948|org|Rothia_dentocariosa_ATCC_17931|accession|NC_014643.1	0.00012554204323134583	6.792884938233267e-05	14.0	6.792884938233267e-05	0.0	0.0001442888822954036	9.37962867481834e-05	19.331227106227104	6.307678871216606e-05	9.70412134033324e-05
ti|1034807|org|Flavobacterium_branchiophilum_FL-15|accession|NC_016001.1	0.0001225241655071808	9.70412134033324e-05	20.0	9.218915273316578e-05	4.852060670166619e-06	6.143798514095593e-05	3.468075680077864e-05	7.147634615126876	1.455618201049986e-05	0.00010674533474366563
ti|58627|org|Debaryomyces_fabryi|accession|NW_015385861.1	0.00012208376230333137	0.0007811817678968258	161.0	0.0007811817678968258	0.0	0.00033934210833343794	0.0014109792428844542	290.80000000000024	0.001213015167541655	0.0005385787343884948
ti|38289|org|Corynebacterium_jeikeium|accession|NZ_CP022054.2	0.00012149075695632662	6.307678871216606e-05	13.0	6.307678871216606e-05	0.0	7.233111138855483e-05	4.232075140089774e-05	8.722222222222223	2.42603033508331e-05	4.366854603149958e-05
ti|1450525|org|Flavobacterium_succinicans_LMG_10402|accession|NZ_JATV01000015.1	0.00011913714198436796	6.792884938233267e-05	14.0	6.792884938233267e-05	0.0	4.3595428920829706e-05	2.4377336626848992e-05	5.024120324120323	9.704121340333239e-06	7.278091005249929e-05
ti|33037|org|Anaerococcus_vaginalis|accession|NZ_HE978624.1	0.00011596083037331093	4.366854603149958e-05	9.0	4.366854603149958e-05	0.0	5.474780589783462e-05	2.7292841269687236e-05	5.625	3.396442469116634e-05	9.704121340333239e-06
ti|888742|org|Neisseria_bacilliformis_ATCC_BAA-1200|accession|NZ_GL878495.1	0.00011194847953106489	8.733709206299916e-05	18.0	8.733709206299916e-05	0.0	3.356066276899061e-05	1.3564590246557078e-05	2.7956349206349205	9.704121340333239e-06	3.396442469116634e-05
ti|1401063|org|Pseudoglutamicibacter_albus_DNF00011|accession|NZ_JRNH01000015.1	0.00011159665766600176	0.00010674533474366563	22.0	0.00010674533474366563	0.0	5.40287233645133e-05	5.224051988212727e-05	10.766666666666666	6.792884938233267e-05	4.366854603149958e-05
ti|398525|org|Bradyrhizobium_elkanii_USDA_76|accession|NZ_KB900701.1	0.00011058045885739387	6.307678871216606e-05	13.0	6.307678871216606e-05	0.0	5.4618459934548906e-05	2.1740833472031597e-05	4.480742296918768	1.455618201049986e-05	3.8816485361332955e-05
ti|1069680|org|Pneumocystis_murina_B123|accession|NW_017802365.1	0.00010965261465494082	0.0002474550941784976	51.0	0.0002474550941784976	0.0	3.585841244706932e-05	7.812934521577765e-05	16.10230179028134	0.0	0.000242603033508331
ti|220341|org|Salmonella_enterica_subsp._enterica_serovar_Typhi_str._CT18|accession|NC_003198.1	0.00010488928962650875	5.822472804199944e-05	12.0	5.822472804199944e-05	0.0	0.00012718809837451023	7.542681833545648e-05	15.54531640530091	0.0	0.0005288746130481615
ti|1160719|org|Cutibacterium_granulosum_DSM_20700|accession|NZ_AOSS01000367.1	0.00010306798838069385	5.822472804199944e-05	12.0	5.822472804199944e-05	0.0	0.0001035739712067779	5.822472804199944e-05	12.0	5.822472804199944e-05	4.852060670166619e-06
ti|76775|org|Malassezia_restricta|accession|NC_040196.1	0.00010252159527472363	9.70412134033324e-05	20.0	9.70412134033324e-05	0.0	0.0001186067180748084	0.00024036485728201002	49.5387163561077	4.85206067016662e-05	0.0009655600733631573
ti|420662|org|Methylibium_petroleiphilum_PM1|accession|NC_008825.1	0.00010158916104363561	6.792884938233267e-05	14.0	6.792884938233267e-05	0.0	1.742315201567145e-05	1.5698741504797215e-05	3.2354792266556966	0.0	6.792884938233267e-05
ti|176299|org|Agrobacterium_fabrum_str._C58|accession|NC_003062.2	9.84987770215351e-05	7.763297072266591e-05	16.0	7.763297072266591e-05	0.0	1.5148985120882895e-05	2.3955494411296988e-05	4.9371794871794865	1.9408242680666477e-05	4.85206067016662e-05
ti|465515|org|Micrococcus_luteus_NCTC_2665|accession|NC_012803.1	9.74480512666044e-05	6.307678871216606e-05	13.0	6.307678871216606e-05	0.0	8.51036946481696e-05	5.8386463397671655e-05	12.033333333333333	4.366854603149958e-05	2.42603033508331e-05
ti|158822|org|Cedecea_neteri|accession|NZ_CP009451.1	9.543218758759608e-05	3.8816485361332955e-05	8.0	3.8816485361332955e-05	0.0	3.710430669771887e-05	1.644158399107884e-05	3.388577577393367	0.0	0.00018437830546633155
ti|486041|org|Laccaria_bicolor_S238N-H82|accession|NW_001890524.1	9.483450682765003e-05	8.733709206299916e-05	18.0	8.733709206299916e-05	0.0	9.483450682765003e-05	8.733709206299916e-05	18.0	8.733709206299916e-05	0.0
ti|218495|org|Streptococcus_uberis_0140J|accession|NC_012004.1	9.13260824939413e-05	0.0001213015167541655	25.0	0.00011644945608399888	4.852060670166619e-06	0.0020402457414079446	0.0010748722095096585	221.52901263552158	9.704121340333239e-06	0.01202825840134305
ti|1160719|org|Cutibacterium_granulosum_DSM_20700|accession|NZ_AOSS01000368.1	8.730364449294519e-05	4.85206067016662e-05	10.0	4.85206067016662e-05	0.0	8.098446732532213e-05	4.609457636658289e-05	9.5	4.366854603149958e-05	4.852060670166619e-06
ti|214688|org|Gemmata_obscuriglobus_UQM_2246|accession|NZ_ABGO01000856.1	8.659932185744704e-05	0.0003153839435608303	65.0	0.0003153839435608303	0.0	8.659932185744704e-05	0.0003153839435608303	65.0	0.0003153839435608303	0.0
ti|41276|org|Brevundimonas_vesicularis|accession|NZ_CP022048.2	8.462008101258188e-05	4.85206067016662e-05	10.0	4.85206067016662e-05	0.0	4.0954743473673726e-05	2.42603033508331e-05	5.0	1.9408242680666477e-05	1.455618201049986e-05
ti|1037409|org|Bradyrhizobium_japonicum_USDA_6|accession|NC_017249.1	8.290642365731231e-05	4.366854603149958e-05	9.0	4.366854603149958e-05	0.0	8.798815379919226e-06	7.29977455277094e-06	1.5044689357769852	0.0	6.307678871216606e-05
ti|356305|org|Chryseobacterium_wanjuense|accession|NZ_FOIU01000008.1	7.69057920423943e-05	4.366854603149958e-05	9.0	4.366854603149958e-05	0.0	5.941532446473776e-06	5.642620988233269e-06	1.1629329004329003	0.0	3.396442469116634e-05
ti|469599|org|Fusobacterium_periodonticum_2_1_31|accession|NZ_KN173680.1	7.653736280326211e-05	3.396442469116634e-05	7.0	3.396442469116634e-05	0.0	2.7199268238987176e-05	7.68242939443048e-06	1.5833333333333333	4.852060670166619e-06	9.704121340333239e-06
ti|469599|org|Fusobacterium_periodonticum_2_1_31|accession|NZ_KN173677.1	7.537335392856123e-05	3.8816485361332955e-05	8.0	3.8816485361332955e-05	0.0	3.872186872631198e-05	2.4664641740013648e-05	5.083333333333333	1.9408242680666477e-05	1.455618201049986e-05
ti|713588|org|Chryseobacterium_chaponense|accession|NZ_FTOI01000023.1	7.51892639115803e-05	3.396442469116634e-05	7.0	3.396442469116634e-05	0.0	4.1421969146644706e-05	1.2595140822974183e-05	2.595833333333333	9.704121340333239e-06	1.455618201049986e-05
ti|743972|org|Actinobacillus_suis_ATCC_33415|accession|NZ_CP009159.1	7.348096766865219e-05	5.822472804199944e-05	12.0	5.822472804199944e-05	0.0	7.262892092228304e-05	5.059006141654099e-05	10.426510477826264	1.455618201049986e-05	0.0002474550941784976
ti|526225|org|Geodermatophilus_obscurus_DSM_43160|accession|NC_013757.1	7.217493275369845e-05	2.911236402099972e-05	6.0	2.911236402099972e-05	0.0	1.568748208518057e-05	2.885130989522219e-05	5.946197266785503	2.42603033508331e-05	6.307678871216606e-05
ti|1262470|org|Herbaspirillum_hiltneri_N3|accession|NZ_CP011409.1	7.213578727601643e-05	3.396442469116634e-05	7.0	3.396442469116634e-05	0.0	4.8322015618015123e-05	2.9797278742346102e-05	6.141159554240047	4.852060670166619e-06	0.00020863860881716465
ti|1528099|org|Lawsonella_clevelandensis|accession|NZ_CP009312.1	7.19819390613481e-05	0.00014070975943483198	29.0	0.00014070975943483198	0.0	4.6184105057063686e-05	0.00012355425920817142	25.464285714285715	0.00011159739541383226	2.42603033508331e-05
ti|390333|org|Lactobacillus_delbrueckii_subsp._bulgaricus_ATCC_11842_=_JCM_1002|accession|NC_008054.1	7.159601866350418e-05	3.396442469116634e-05	7.0	3.396442469116634e-05	0.0	3.5231978581176e-05	1.7572350871168976e-05	3.6216263698461835	9.704121340333239e-06	5.3372667371832815e-05
ti|1348338|org|Leifsonia_rubra_CMS_76R|accession|NZ_ATIA01000019.1	7.017811025698554e-05	2.42603033508331e-05	5.0	2.42603033508331e-05	0.0	8.875002719719602e-06	3.284471838266635e-06	0.676923076923077	0.0	1.9408242680666477e-05
ti|546874|org|Friedmanniella_sagamiharensis|accession|NZ_LT629799.1	6.910342576339258e-05	3.396442469116634e-05	7.0	3.396442469116634e-05	0.0	1.2690398712444348e-05	1.1467214448320528e-05	2.3633699633699643	9.704121340333239e-06	2.42603033508331e-05
ti|1510458|org|Pseudoruegeria_sabulilitoris|accession|NZ_LOAS01000105.1	6.696823496930402e-05	0.0004221292783044959	87.0	0.0004221292783044959	0.0	4.652467925264792e-05	0.00038706518195355565	79.77335987026392	0.0003250880649011635	9.218915273316578e-05
ti|449|org|Legionella_hackeliae|accession|NZ_LN681225.1	6.674231598628395e-05	2.42603033508331e-05	5.0	2.42603033508331e-05	0.0	5.059203128814349e-06	1.7088851041630789e-06	0.3521978021978022	0.0	2.42603033508331e-05
ti|523794|org|Leptotrichia_buccalis_C-1013-b|accession|NC_013192.1	6.643858505460236e-05	0.00015526594144533182	32.0	0.00015526594144533182	0.0	5.9693252564348165e-05	0.00012857960775941542	26.5	0.00013585769876466535	4.852060670166619e-06
ti|887898|org|Lautropia_mirabilis_ATCC_51599|accession|NZ_GL636064.1	6.41200676510468e-05	2.42603033508331e-05	5.0	2.42603033508331e-05	0.0	3.986556841272535e-05	1.9408242680666477e-05	4.0	1.9408242680666477e-05	0.0
ti|43263|org|Pseudomonas_alcaligenes|accession|NZ_CP014784.1	6.32765162555971e-05	6.307678871216606e-05	13.0	6.307678871216606e-05	0.0	0.00023270118440344407	0.0001689098915353464	34.811990825651826	3.396442469116634e-05	0.0007181049791846597
ti|214688|org|Gemmata_obscuriglobus_UQM_2246|accession|NZ_ABGO01000697.1	6.292327712663034e-05	8.248503139283254e-05	17.0	8.248503139283254e-05	0.0	6.292327712663034e-05	8.248503139283254e-05	17.0	8.248503139283254e-05	0.0
ti|306537|org|Corynebacterium_jeikeium_K411|accession|NC_007164.1	6.107962015710873e-05	3.8816485361332955e-05	8.0	3.8816485361332955e-05	0.0	3.046414416983727e-05	1.8417613627174128e-05	3.7958333333333334	4.852060670166619e-06	3.396442469116634e-05
ti|92835|org|Microbacterium_ketosireducens|accession|NZ_JYIZ01000009.1	5.817506759151277e-05	3.396442469116634e-05	7.0	3.396442469116634e-05	0.0	9.079067311838087e-06	3.115784057803075e-06	0.6421568627450981	0.0	1.9408242680666477e-05
ti|1124983|org|Pseudomonas_protegens_CHA0|accession|NC_021237.1	5.774473630762715e-05	4.85206067016662e-05	10.0	4.85206067016662e-05	0.0	7.188286259520273e-05	4.5963827431543916e-05	9.473052905986338	1.455618201049986e-05	0.0003930169142834962
ti|272560|org|Burkholderia_pseudomallei_K96243|accession|NC_006350.1	5.736419228229541e-05	2.911236402099972e-05	6.0	2.42603033508331e-05	4.852060670166619e-06	4.385828157900201e-06	1.8892909439554012e-06	0.38937908496732027	0.0	2.42603033508331e-05
ti|1196094|org|Snodgrassella_alvi_wkB2|accession|NZ_CP007446.1	5.728921573878078e-05	2.911236402099972e-05	6.0	2.42603033508331e-05	4.852060670166619e-06	2.66958301064288e-05	3.0244511510705263e-05	6.233333333333333	1.455618201049986e-05	2.911236402099972e-05
ti|108981|org|Acinetobacter_schindleri|accession|NZ_CP015615.1	5.3700531712350965e-05	2.911236402099972e-05	6.0	2.911236402099972e-05	0.0	2.6575411022029002e-05	2.2409879113505664e-05	4.61863126553529	9.704121340333239e-06	9.70412134033324e-05
ti|1035839|org|Haemophilus_sputorum_CCUG_13788|accession|NZ_AFNK01000005.1	5.2979720428131114e-05	0.00017467418412599832	36.0	0.00017467418412599832	0.0	5.13957536163986e-05	0.00017441617772528313	35.9468253968254	0.00014556182010499858	7.278091005249929e-05
ti|402612|org|Flavobacterium_psychrophilum_JIP02/86|accession|NC_009613.3	5.2288303443741486e-05	0.00010674533474366563	22.0	0.00010674533474366563	0.0	3.2644082841408234e-05	8.032322952890963e-05	16.554456959449215	5.822472804199944e-05	0.00013585769876466535
ti|1219050|org|Sphingomonas_paucimobilis_NBRC_13935|accession|NZ_BBJS01000072.1	5.04179269560926e-05	2.42603033508331e-05	5.0	2.42603033508331e-05	0.0	1.7488477343089195e-05	9.704121340333239e-06	2.0	4.852060670166619e-06	1.455618201049986e-05
ti|58627|org|Debaryomyces_fabryi|accession|NW_015385895.1	4.853983850552171e-05	0.00038331279294316297	79.0	0.00038331279294316297	0.0	0.00017878100552081935	0.0006830892746816229	140.78333333333313	0.0006404720084619938	0.0004172772176343293
ti|1030841|org|Neisseria_wadsworthii_9715|accession|NZ_JH165160.1	4.839085127162773e-05	3.8816485361332955e-05	8.0	3.8816485361332955e-05	0.0	1.8727945808349438e-05	1.703850259192007e-05	3.5116013071895424	1.455618201049986e-05	4.366854603149958e-05
ti|1574624|org|[Propionibacterium]_namnetense|accession|NZ_LWHO01000015.1	4.8009122710619946e-05	2.911236402099972e-05	6.0	2.911236402099972e-05	0.0	0.0003710259255576043	0.0001445105402931291	29.78333333333332	0.00010189327407349901	0.00019893448747683142
ti|551459|org|Chryseobacterium_piscicola|accession|NZ_FTOJ01000019.1	4.782229994164093e-05	1.455618201049986e-05	3.0	1.455618201049986e-05	0.0	1.649504572645828e-05	4.852060670166619e-06	1.0	0.0	9.704121340333239e-06
ti|927668|org|Pseudanabaena_biceps_PCC_7429|accession|NZ_ALWB01000102.1	4.648316565164062e-05	2.911236402099972e-05	6.0	2.911236402099972e-05	0.0	3.675713853924386e-05	2.42603033508331e-05	5.0	2.42603033508331e-05	0.0
ti|553178|org|Capnocytophaga_gingivalis_ATCC_33624|accession|NZ_ACLQ01000008.1	4.446873787179808e-05	5.822472804199944e-05	12.0	5.3372667371832815e-05	4.852060670166619e-06	2.1817942879241275e-05	1.6712653419462802e-05	3.4444444444444446	2.42603033508331e-05	1.455618201049986e-05
ti|402626|org|Ralstonia_pickettii_12J|accession|NC_010682.1	4.4465348561813346e-05	4.366854603149958e-05	9.0	3.8816485361332955e-05	4.852060670166619e-06	1.7311497048457586e-05	1.1090424388952275e-05	2.285714285714286	4.852060670166619e-06	3.8816485361332955e-05
ti|529884|org|Rhodoluna_lacicola|accession|NZ_CP007490.1	4.39041469499988e-05	6.307678871216606e-05	13.0	6.307678871216606e-05	0.0	4.341243600571155e-05	5.822472804199944e-05	12.0	5.3372667371832815e-05	9.704121340333239e-06
ti|1177154|org|Alcanivorax_nanhaiticus|accession|NZ_ARXV01000034.1	4.373978411864525e-05	0.00035420042892216324	73.0	0.00035420042892216324	0.0	0.0004632970492361743	0.0016171802688411225	333.2976190476177	0.0007472173432056594	0.0034498151364884665
ti|1035195|org|Corynebacterium_durum_F0235|accession|NZ_KB290834.1	4.327178769367757e-05	2.911236402099972e-05	6.0	2.911236402099972e-05	0.0	4.321597396017618e-05	2.42603033508331e-05	5.0	2.911236402099972e-05	0.0
ti|546271|org|Selenomonas_sputigena_ATCC_35185|accession|NC_015437.1	4.13979716964708e-05	3.396442469116634e-05	7.0	3.396442469116634e-05	0.0	4.148253733391239e-05	2.6039392263227528e-05	5.366666666666667	2.42603033508331e-05	9.704121340333239e-06
ti|1122989|org|Prevotella_oris_DSM_18711_=_JCM_12252|accession|NZ_BAJC01000066.1	4.092852099767838e-05	1.455618201049986e-05	3.0	1.455618201049986e-05	0.0	3.9957466144911005e-05	1.014521776489384e-05	2.090909090909091	9.704121340333239e-06	4.852060670166619e-06
ti|622312|org|Roseburia_inulinivorans_DSM_16841|accession|NZ_ACFY01000068.1	3.990195434883607e-05	7.763297072266591e-05	16.0	7.763297072266591e-05	0.0	3.990195434883607e-05	7.763297072266591e-05	16.0	7.763297072266591e-05	0.0
ti|304268|org|Bacillus_alkalitelluris|accession|NZ_KV917374.1	3.912338276046855e-05	4.85206067016662e-05	10.0	3.8816485361332955e-05	9.704121340333239e-06	1.4160936211757597e-05	9.471039467116959e-06	1.951962292093871	0.0	0.00010189327407349901
ti|322095|org|Porphyromonas_somerae|accession|NZ_KQ960421.1	3.895507958317925e-05	2.911236402099972e-05	6.0	2.911236402099972e-05	0.0	3.609971828111587e-05	2.183427301574979e-05	4.5	2.42603033508331e-05	0.0
ti|400772|org|Microbacterium_ginsengisoli|accession|NZ_JYIY01000074.1	3.8273667027435345e-05	2.42603033508331e-05	5.0	2.42603033508331e-05	0.0	9.992410484432132e-06	6.738973153009194e-06	1.3888888888888888	4.852060670166619e-06	1.9408242680666477e-05
ti|1122174|org|Leptotrichia_wadei_DSM_19758|accession|NZ_KB891092.1	3.766397165186613e-05	1.9408242680666477e-05	4.0	1.9408242680666477e-05	0.0	3.8726194007243316e-05	2.183427301574979e-05	4.5	2.42603033508331e-05	0.0
ti|1224164|org|Corynebacterium_vitaeruminis_DSM_20294|accession|NZ_CP004353.1	3.764187651272816e-05	5.3372667371832815e-05	11.0	4.85206067016662e-05	4.852060670166619e-06	2.5892830159932576e-05	2.912822042841856e-05	6.003267973856208	1.9408242680666477e-05	4.366854603149958e-05
ti|1101373|org|Tepidimonas_fonticaldi|accession|NZ_LZDH01000016.1	3.749421853489538e-05	2.911236402099972e-05	6.0	2.911236402099972e-05	0.0	2.8351245213340478e-05	2.1383643237829234e-05	4.407126104030129	1.9408242680666477e-05	2.911236402099972e-05
ti|263474|org|Bacillus_humi|accession|NZ_LMBW01000096.1	3.7226314232331533e-05	3.8816485361332955e-05	8.0	3.8816485361332955e-05	0.0	6.373053035081653e-05	6.520835522034614e-05	13.439311594202898	6.307678871216606e-05	4.366854603149958e-05
ti|1256908|org|Eubacterium_ramulus_ATCC_29099|accession|NZ_KI271141.1	3.6594911262221635e-05	4.85206067016662e-05	10.0	4.85206067016662e-05	0.0	2.8250066622224683e-05	3.396442469116634e-05	7.0	4.85206067016662e-05	0.0
ti|1122604|org|Nevskia_soli_DSM_19509|accession|NZ_JONR01000049.1	3.6328082524980246e-05	1.9408242680666477e-05	4.0	1.9408242680666477e-05	0.0	3.59850146507007e-05	1.9408242680666477e-05	4.0	1.9408242680666477e-05	0.0
ti|426355|org|Methylobacterium_radiotolerans_JCM_2831|accession|NC_010505.1	3.538774737896725e-05	3.8816485361332955e-05	8.0	3.8816485361332955e-05	0.0	9.389747405884827e-06	9.54238598466102e-06	1.9666666666666668	0.0	3.396442469116634e-05
ti|1235834|org|Kosakonia_sacchari_SP1|accession|NZ_CP007215.2	3.484990791499395e-05	2.42603033508331e-05	5.0	2.42603033508331e-05	0.0	9.970093865416126e-05	6.002427998623892e-05	12.370884056603868	0.0	0.00044638958165532904
ti|1547597|org|Sanguibacteroides_justesenii|accession|NZ_JPIU01000031.1	3.4595170896416284e-05	0.00018437830546633155	38.0	0.00018437830546633155	0.0	6.061765296797265e-05	0.0002636286297457197	54.333333333333336	0.00029112364020999717	9.704121340333239e-06
ti|1035195|org|Corynebacterium_durum_F0235|accession|NZ_KB290818.1	3.407080168536095e-05	1.455618201049986e-05	3.0	1.455618201049986e-05	0.0	3.419434370075426e-05	1.455618201049986e-05	3.0	1.455618201049986e-05	0.0
ti|1478|org|Bacillus_simplex|accession|NZ_CP011008.1	3.3488259479129286e-05	1.455618201049986e-05	3.0	1.455618201049986e-05	0.0	1.198697530251113e-05	4.264351274664713e-06	0.878874269005848	0.0	3.8816485361332955e-05
ti|1176165|org|Brevibacterium_ravenspurgense_5401308_=_CCUG_53855|accession|NZ_CAJD01000025.1	3.3304486359632606e-05	1.455618201049986e-05	3.0	1.455618201049986e-05	0.0	3.5172075005934855e-05	1.5041388077516522e-05	3.1	1.455618201049986e-05	4.852060670166619e-06
ti|693973|org|Shewanella_baltica_OS678|accession|NC_016901.1	3.327955286014528e-05	9.704121340333239e-06	2.0	9.704121340333239e-06	0.0	1.285246849316736e-05	4.443871439184349e-06	0.915873015873016	0.0	3.396442469116634e-05
ti|334413|org|Finegoldia_magna_ATCC_29328|accession|NC_010376.1	3.316460807133086e-05	1.9408242680666477e-05	4.0	1.9408242680666477e-05	0.0	3.088804760278618e-05	1.9408242680666477e-05	4.0	1.9408242680666477e-05	0.0
ti|1176165|org|Brevibacterium_ravenspurgense_5401308_=_CCUG_53855|accession|NZ_CAJD01000026.1	3.3039378881656355e-05	9.704121340333239e-06	2.0	9.704121340333239e-06	0.0	2.1357206612966467e-05	4.852060670166619e-06	1.0	4.852060670166619e-06	0.0
ti|1888195|org|Streptococcus_himalayensis|accession|NZ_CP016953.1	3.238534849378798e-05	0.00017952624479616492	37.0	0.00017952624479616492	0.0	0.004447258062716737	0.0027125984922088697	559.0611240472637	0.00018923036613649818	0.01751108695863133
ti|494023|org|Paeniglutamicibacter_antarcticus|accession|NZ_CZJT01000023.1	3.211381799239766e-05	7.763297072266591e-05	16.0	7.763297072266591e-05	0.0	3.211381799239766e-05	7.763297072266591e-05	16.0	7.763297072266591e-05	0.0
ti|1581420|org|Erythrobacter_luteus|accession|NZ_LBHB01000002.1	3.155331864254825e-05	2.42603033508331e-05	5.0	2.42603033508331e-05	0.0	2.4568117883088573e-06	1.2996591080803446e-06	0.26785714285714285	0.0	1.455618201049986e-05
ti|1484693|org|Rhodoferax_saidenbachensis|accession|NZ_CP019239.1	3.143927779481084e-05	2.911236402099972e-05	6.0	2.911236402099972e-05	0.0	3.451464423883782e-05	2.7783544805429873e-05	5.726133017309486	0.0	0.00016011800211549845
ti|553207|org|Corynebacterium_matruchotii_ATCC_14266|accession|NZ_ACSH02000007.1	3.114076324519287e-05	3.8816485361332955e-05	8.0	3.8816485361332955e-05	0.0	3.223469369429303e-05	4.46389581655329e-05	9.2	4.85206067016662e-05	4.852060670166619e-06
ti|494023|org|Paeniglutamicibacter_antarcticus|accession|NZ_CZJT01000016.1	3.0815992201490194e-05	2.911236402099972e-05	6.0	2.911236402099972e-05	0.0	3.0815992201490194e-05	2.911236402099972e-05	6.0	2.911236402099972e-05	0.0
ti|1293045|org|Limnohabitans_planktonicus_II-D5|accession|NZ_LFYT02000071.1	3.062290332660364e-05	4.85206067016662e-05	10.0	4.85206067016662e-05	0.0	2.9587343436523262e-05	3.0707945510612204e-05	6.328846153846154	4.852060670166619e-06	0.00010674533474366563
ti|53446|org|Streptomyces_cinnamoneus|accession|NZ_MOEP01000239.1	3.008164137895521e-05	1.455618201049986e-05	3.0	1.455618201049986e-05	0.0	1.3743341632931666e-05	1.1442514127371105e-05	2.35827927662293	4.852060670166619e-06	8.733709206299916e-05
ti|887898|org|Lautropia_mirabilis_ATCC_51599|accession|NZ_GL636063.1	3.0048673372938763e-05	3.8816485361332955e-05	8.0	3.8816485361332955e-05	0.0	2.961338994974881e-05	3.5779387235082044e-05	7.374060150375939	3.396442469116634e-05	1.455618201049986e-05
ti|868129|org|Prevotella_bivia_DSM_20514|accession|NZ_JH660660.1	2.98882714377701e-05	1.9408242680666477e-05	4.0	1.9408242680666477e-05	0.0	5.000219720466657e-06	2.5159907900923804e-06	0.5185406698564594	0.0	1.9408242680666477e-05
ti|1265504|org|Curvibacter_lanceolatus_ATCC_14669|accession|NZ_KB906317.1	2.8970380205652523e-05	2.42603033508331e-05	5.0	2.42603033508331e-05	0.0	2.460275312069573e-05	3.201340701833043e-05	6.597899159663865	9.704121340333239e-06	0.00010189327407349901
ti|199|org|Campylobacter_concisus|accession|NZ_CP012541.1	2.8832534809780853e-05	2.911236402099972e-05	6.0	2.911236402099972e-05	0.0	1.3721664415945894e-05	1.1321474897055444e-05	2.333333333333333	9.704121340333239e-06	1.455618201049986e-05
ti|997353|org|Prevotella_pallens_ATCC_700821|accession|NZ_GL982518.1	2.8643978559474652e-05	9.704121340333239e-06	2.0	9.704121340333239e-06	0.0	2.8643978559474652e-05	9.704121340333239e-06	2.0	9.704121340333239e-06	0.0
ti|1035195|org|Corynebacterium_durum_F0235|accession|NZ_KB290836.1	2.7549517065899493e-05	1.455618201049986e-05	3.0	1.455618201049986e-05	0.0	2.7549517065899493e-05	1.455618201049986e-05	3.0	1.455618201049986e-05	0.0
ti|862971|org|Streptococcus_anginosus_C238|accession|NC_022239.1	2.7243766508890014e-05	2.42603033508331e-05	5.0	2.42603033508331e-05	0.0	0.0031815100022825385	0.0017228794439804172	355.08200764547604	4.366854603149958e-05	0.016157362031654843
ti|1236518|org|Prevotella_scopos_JCM_17725|accession|NZ_CP016205.1	2.6966852775023854e-05	2.183427301574979e-05	4.5	2.42603033508331e-05	1.9408242680666477e-05	2.1078708256627876e-05	1.528399111102485e-05	3.15	0.0	3.8816485361332955e-05
ti|1236518|org|Prevotella_scopos_JCM_17725|accession|NZ_CP016204.1	2.6966852775023854e-05	2.183427301574979e-05	4.5	2.42603033508331e-05	1.9408242680666477e-05	2.1078708256627876e-05	1.528399111102485e-05	3.15	0.0	3.8816485361332955e-05
ti|1177179|org|Alcanivorax_hongdengensis_A-11-3|accession|NZ_AMRJ01000089.1	2.6593429292034542e-05	2.911236402099972e-05	6.0	2.911236402099972e-05	0.0	1.872353777190357e-05	1.9408242680666477e-05	4.0	2.911236402099972e-05	0.0
ti|378753|org|Kocuria_rhizophila_DC2201|accession|NC_010617.1	2.597028182676282e-05	2.42603033508331e-05	5.0	2.42603033508331e-05	0.0	1.0752301154212783e-05	1.3747505232138755e-05	2.833333333333333	0.0	2.42603033508331e-05
ti|1120977|org|Alkanindiges_illinoisensis_DSM_15370|accession|NZ_JHUX01000004.1	2.5678258980938342e-05	9.704121340333239e-06	2.0	9.704121340333239e-06	0.0	2.704465873561494e-05	1.0674533474366565e-05	2.2	9.704121340333239e-06	4.852060670166619e-06
ti|933059|org|Gemmobacter_aquatilis|accession|NZ_FOCE01000030.1	2.5524619971154263e-05	1.9408242680666477e-05	4.0	1.9408242680666477e-05	0.0	1.8587727493522085e-05	5.822472804199944e-06	1.2	4.852060670166619e-06	4.852060670166619e-06
ti|34007|org|Paracoccus_versutus|accession|NZ_JRKO01000001.1	2.5243348188553424e-05	1.455618201049986e-05	3.0	1.455618201049986e-05	0.0	8.975412689263439e-06	5.175531381511061e-06	1.0666666666666667	9.704121340333239e-06	4.852060670166619e-06
ti|74704|org|Staphylococcus_cohnii_subsp._cohnii|accession|NZ_LATV01000014.1	2.5203459060895616e-05	4.852060670166619e-06	1.0	4.852060670166619e-06	0.0	1.661412922412362e-05	1.1552525405158618e-05	2.380952380952381	9.704121340333239e-06	1.9408242680666477e-05
ti|1825069|org|Streptococcus_marmotae|accession|NZ_CP015196.1	2.4565917002491176e-05	2.911236402099972e-05	6.0	2.911236402099972e-05	0.0	0.003775883041888168	0.003304269594202366	681.0033548259192	0.00028141951886966396	0.019219012314529983
ti|645127|org|Corynebacterium_kroppenstedtii_DSM_44385|accession|NC_012704.1	2.4080643136631218e-05	4.852060670166619e-06	1.0	4.852060670166619e-06	0.0	7.455994983890168e-06	1.926636956165576e-06	0.39707602339181286	0.0	2.42603033508331e-05
ti|425265|org|Malassezia_globosa_CBS_7966|accession|NW_001849859.1	2.3834276916549342e-05	1.9408242680666477e-05	4.0	1.9408242680666477e-05	0.0	7.846722880510243e-05	0.000219717480680712	45.28333333333338	3.8816485361332955e-05	0.0009364477093421576
ti|883103|org|Dolosigranulum_pigrum_ATCC_51524|accession|NZ_JH601103.1	2.3788790736226375e-05	4.852060670166619e-06	1.0	4.852060670166619e-06	0.0	1.2358971894731286e-05	3.2684019792094594e-06	0.6736111111111112	4.852060670166619e-06	1.455618201049986e-05
ti|351345|org|Polynucleobacter_cosmopolitanus|accession|NZ_NJGG01000001.1	2.3729509714959862e-05	9.704121340333239e-06	2.0	9.704121340333239e-06	0.0	3.0276444889283158e-05	1.2442522901567798e-05	2.56437908496732	9.704121340333239e-06	1.9408242680666477e-05
ti|362948|org|Lactobacillus_salivarius_UCC118|accession|NC_007929.1	2.3561159034200736e-05	1.455618201049986e-05	3.0	1.455618201049986e-05	0.0	9.817232321425244e-05	5.050352231554342e-05	10.408674942188867	0.0	0.00040272103562382944
ti|1509407|org|Aspergillus_nomius_NRRL_13137|accession|NW_015379133.1	2.2739002970276132e-05	0.00014556182010499858	30.0	0.00014556182010499858	0.0	6.901024787045756e-05	0.00026233474690034195	54.06666666666668	0.00030567982222049704	5.3372667371832815e-05
ti|435830|org|Actinomyces_graevenitzii_C83|accession|NZ_JH470342.1	2.243963269500999e-05	2.42603033508331e-05	5.0	2.42603033508331e-05	0.0	2.5548380511257977e-05	2.5473318518374753e-05	5.25	2.42603033508331e-05	4.852060670166619e-06
ti|1727|org|Corynebacterium_variabile|accession|NZ_JOIN01000018.1	2.1806989317025828e-05	4.852060670166619e-06	1.0	4.852060670166619e-06	0.0	4.084966292231552e-06	6.931515243095171e-07	0.14285714285714285	0.0	4.852060670166619e-06
ti|97481|org|Pasteurella_skyensis|accession|NZ_FOBN01000048.1	2.1606755705017236e-05	1.455618201049986e-05	3.0	1.455618201049986e-05	0.0	2.6426455942476703e-05	1.6598757367711944e-05	3.4209706959706963	9.704121340333239e-06	5.822472804199944e-05
ti|796942|org|Stomatobaculum_longum|accession|NZ_JH590862.1	2.141679266490202e-05	1.9408242680666477e-05	4.0	1.9408242680666477e-05	0.0	6.231051191502645e-06	7.27809100524993e-06	1.5	4.852060670166619e-06	9.704121340333239e-06
ti|321614|org|Parastagonospora_nodorum_SN15|accession|NW_001884553.1	2.133058136297325e-05	4.85206067016662e-05	10.0	4.85206067016662e-05	0.0	6.983348297003527e-06	9.232390239094886e-06	1.902777163496978	0.0	7.763297072266591e-05
ti|521393|org|Actinomyces_timonensis_DSM_23838|accession|NZ_JH806635.1	2.098546612579607e-05	1.455618201049986e-05	3.0	1.455618201049986e-05	0.0	2.5184111343161953e-05	1.4825740936620226e-05	3.0555555555555554	1.455618201049986e-05	4.852060670166619e-06
ti|1449335|org|Carnobacterium_alterfunditum_DSM_5972|accession|NZ_JQLG01000004.1	2.0522897845699912e-05	1.9408242680666477e-05	4.0	1.9408242680666477e-05	0.0	3.0636708004189695e-05	1.5112547551314623e-05	3.114665825230841	0.0	0.00023289891216799776
ti|592010|org|Abiotrophia_defectiva_ATCC_49176|accession|NZ_KI535341.1	2.0431805648018382e-05	9.704121340333239e-06	2.0	9.704121340333239e-06	0.0	2.7246411351628314e-05	1.2739667600955432e-05	2.6256200132217127	9.704121340333239e-06	2.911236402099972e-05
ti|1926280|org|Bacillus_sinesaloumensis|accession|NZ_LT732529.1	2.0427466315000285e-05	1.455618201049986e-05	3.0	1.455618201049986e-05	0.0	8.450688595606263e-06	3.988053375391336e-06	0.8219298245614035	0.0	3.396442469116634e-05
ti|1120917|org|Acaricomes_phytoseiuli_DSM_14247|accession|NZ_AQXM01000028.1	2.0419125103139828e-05	1.9408242680666477e-05	4.0	1.9408242680666477e-05	0.0	1.1455739793061424e-05	6.238363718785654e-06	1.2857142857142856	0.0	2.911236402099972e-05
ti|883111|org|Facklamia_hominis_CCUG_36813|accession|NZ_JH932292.1	2.0392339754744128e-05	2.911236402099972e-05	6.0	2.911236402099972e-05	0.0	2.309526693584334e-05	1.2985291900253663e-05	2.6762426900584795	9.704121340333239e-06	3.396442469116634e-05
ti|435837|org|Staphylococcus_hominis_subsp._hominis_C80|accession|NZ_GL545254.1	2.0359985554844897e-05	9.704121340333239e-06	2.0	9.704121340333239e-06	0.0	2.025505088128599e-05	5.822472804199944e-06	1.2	4.852060670166619e-06	4.852060670166619e-06
ti|997352|org|Prevotella_nigrescens_ATCC_33563|accession|NZ_GL982470.1	2.0334296364879657e-05	9.704121340333239e-06	2.0	9.704121340333239e-06	0.0	2.0334296364879657e-05	1.014521776489384e-05	2.090909090909091	9.704121340333239e-06	4.852060670166619e-06
ti|622312|org|Roseburia_inulinivorans_DSM_16841|accession|NZ_ACFY01000079.1	2.0328879344038627e-05	2.911236402099972e-05	6.0	2.911236402099972e-05	0.0	2.0328879344038627e-05	2.911236402099972e-05	6.0	2.911236402099972e-05	0.0
ti|52773|org|Schaalia_meyeri|accession|NZ_CP012072.1	2.024867920700826e-05	4.852060670166619e-06	1.0	4.852060670166619e-06	0.0	4.5705418100565364e-06	9.70412134033324e-07	0.2	0.0	4.852060670166619e-06
ti|128944|org|Aerococcus_urinaehominis|accession|NZ_CP014163.1	2.0229768589306768e-05	1.9408242680666477e-05	4.0	1.9408242680666477e-05	0.0	1.4965482999730169e-05	1.1101976914357432e-05	2.288095238095238	9.704121340333239e-06	2.42603033508331e-05
ti|1348626|org|Bacillus_circulans_NBRC_13626|accession|NZ_BCVE01000056.1	2.0229713345261345e-05	4.852060670166619e-06	1.0	4.852060670166619e-06	0.0	1.5048573256475357e-05	4.852060670166619e-06	1.0	4.852060670166619e-06	0.0
ti|908338|org|Peptoniphilus_harei_ACS-146-V-Sch2b|accession|NZ_AENP01000010.1	2.0229529163290177e-05	4.852060670166619e-06	1.0	4.852060670166619e-06	0.0	2.0793849373195e-05	6.065075837708275e-06	1.25	4.852060670166619e-06	4.852060670166619e-06
ti|887325|org|Lachnoanaerobaculum_saburreum_DSM_3986|accession|NZ_GL622312.1	2.0229529163290177e-05	4.852060670166619e-06	1.0	4.852060670166619e-06	0.0	1.6570694299213088e-05	4.852060670166619e-06	1.0	4.852060670166619e-06	0.0
ti|875454|org|Peptoniphilus_rhinitidis_1-13|accession|NZ_BAEW01000032.1	2.0229529163290177e-05	4.852060670166619e-06	1.0	4.852060670166619e-06	0.0	2.0841751606825385e-05	4.852060670166619e-06	1.0	4.852060670166619e-06	0.0
ti|82983|org|Obesumbacterium_proteus|accession|NZ_CP014608.1	2.0229529163290177e-05	4.852060670166619e-06	1.0	4.852060670166619e-06	0.0	3.14690756227092e-05	1.1706694493231134e-05	2.41272632166595	4.852060670166619e-06	0.00010189327407349901
ti|585530|org|Brevibacterium_mcbrellneri_ATCC_49030|accession|NZ_ADNU01000020.1	2.0229529163290177e-05	4.852060670166619e-06	1.0	4.852060670166619e-06	0.0	2.209711780959243e-05	6.030418261492799e-06	1.2428571428571429	4.852060670166619e-06	9.704121340333239e-06
ti|411466|org|Schaalia_odontolytica_ATCC_17982|accession|NZ_DS264586.1	2.0229529163290177e-05	4.852060670166619e-06	1.0	4.852060670166619e-06	0.0	2.1386940776800143e-05	4.852060670166619e-06	1.0	4.852060670166619e-06	0.0
ti|33033|org|Parvimonas_micra|accession|NZ_CP009761.1	2.0229529163290177e-05	4.852060670166619e-06	1.0	4.852060670166619e-06	0.0	2.034170793430269e-05	4.852060670166619e-06	1.0	4.852060670166619e-06	0.0
ti|28198|org|Arcobacter_cryaerophilus|accession|NZ_LRUV01000021.1	2.0229529163290177e-05	4.852060670166619e-06	1.0	4.852060670166619e-06	0.0	2.0211419255618317e-05	4.852060670166619e-06	1.0	4.852060670166619e-06	0.0
ti|187101|org|Sneathia_amnii|accession|NZ_CP011280.1	2.0229529163290177e-05	4.852060670166619e-06	1.0	4.852060670166619e-06	0.0	2.0229529163290177e-05	4.852060670166619e-06	1.0	4.852060670166619e-06	0.0
ti|1661|org|Trueperella_pyogenes|accession|NZ_JVLH01000010.1	2.0229529163290177e-05	4.852060670166619e-06	1.0	4.852060670166619e-06	0.0	2.1263968535929043e-05	4.852060670166619e-06	1.0	4.852060670166619e-06	0.0
ti|1121871|org|Eremococcus_coleocola_DSM_15696|accession|NZ_AUAT01000051.1	2.0229529163290177e-05	4.852060670166619e-06	1.0	4.852060670166619e-06	0.0	2.0229529263972203e-05	5.121619596286988e-06	1.0555555555555556	4.852060670166619e-06	4.852060670166619e-06
ti|1121375|org|Deefgea_rivuli_DSM_18356|accession|NZ_JHVM01000017.1	2.0229529163290177e-05	4.852060670166619e-06	1.0	9.704121340333239e-06	0.0	2.021864643563927e-05	4.852060670166619e-06	1.0	4.852060670166619e-06	4.852060670166619e-06
ti|1121375|org|Deefgea_rivuli_DSM_18356|accession|NZ_JHVM01000008.1	2.0229529163290177e-05	4.852060670166619e-06	1.0	9.704121340333239e-06	0.0	2.021864643563927e-05	4.852060670166619e-06	1.0	4.852060670166619e-06	4.852060670166619e-06
ti|89968|org|Hymenobacter_gelipurpurascens|accession|NZ_FYEW01000005.1	2.0227497620440813e-05	9.704121340333239e-06	2.0	9.704121340333239e-06	0.0	6.1942815484829914e-06	6.754829560428039e-06	1.392156862745098	0.0	1.455618201049986e-05
ti|755732|org|Fluviicola_taffensis_DSM_16823|accession|NC_015321.1	2.0144073896377362e-05	0.00023775097283816436	49.0	0.00023775097283816436	0.0	1.7263579596238595e-05	0.00021540453786278593	44.39444444444445	0.00018437830546633155	5.3372667371832815e-05
ti|1161099|org|Corynebacterium_appendicis_CIP_107643|accession|NZ_FTOF01000024.1	2.0072639922138723e-05	2.42603033508331e-05	5.0	2.42603033508331e-05	0.0	2.859940324763154e-05	2.1083865762553738e-05	4.3453425659308005	9.704121340333239e-06	6.307678871216606e-05
ti|339671|org|Actinobacillus_succinogenes_130Z|accession|NC_009655.1	1.9926923507737532e-05	7.763297072266591e-05	16.0	7.763297072266591e-05	0.0	4.514114506581798e-05	6.318494591413208e-05	13.022290983010793	1.455618201049986e-05	0.00028627157953983056
ti|322095|org|Porphyromonas_somerae|accession|NZ_KQ960422.1	1.972065191764918e-05	9.704121340333239e-06	2.0	9.704121340333239e-06	0.0	1.9057635809427464e-05	7.27809100524993e-06	1.5	9.704121340333239e-06	0.0
ti|380703|org|Aeromonas_hydrophila_subsp._hydrophila_ATCC_7966|accession|NC_008570.1	1.9257395439381295e-05	1.9408242680666477e-05	4.0	1.9408242680666477e-05	0.0	5.265902317759327e-06	3.7227983312846545e-06	0.7672612904811047	0.0	3.396442469116634e-05
ti|214688|org|Gemmata_obscuriglobus_UQM_2246|accession|NZ_ABGO01000740.1	1.8771013022286547e-05	2.42603033508331e-05	5.0	2.42603033508331e-05	0.0	1.8771013022286547e-05	2.42603033508331e-05	5.0	2.42603033508331e-05	0.0
ti|1206725|org|Nocardia_brevicatena_NBRC_12119|accession|NZ_BAFU01000121.1	1.8432241277389174e-05	8.248503139283254e-05	17.0	8.248503139283254e-05	0.0	2.0134879821911944e-05	9.70412134033324e-05	20.0	9.70412134033324e-05	0.0
ti|1485682|org|Mitosporidium_daphniae|accession|NW_013546451.1	1.7033133985051306e-05	1.455618201049986e-05	3.0	1.455618201049986e-05	0.0	1.7033133985051306e-05	1.455618201049986e-05	3.0	1.455618201049986e-05	0.0
ti|522373|org|Stenotrophomonas_maltophilia_K279a|accession|NC_010943.1	1.684530077011396e-05	1.455618201049986e-05	3.0	9.704121340333239e-06	4.852060670166619e-06	2.5866546455638345e-06	3.73268176117204e-06	0.7692982456140351	0.0	1.9408242680666477e-05
ti|67267|org|Streptomyces_alboflavus|accession|NZ_CP021748.1	1.669691403345964e-05	2.42603033508331e-05	5.0	2.42603033508331e-05	0.0	6.448029970052354e-06	5.361213318107611e-06	1.1049353424353425	0.0	4.85206067016662e-05
ti|1160719|org|Cutibacterium_granulosum_DSM_20700|accession|NZ_AOSS01000372.1	1.6343944974070235e-05	1.455618201049986e-05	3.0	1.455618201049986e-05	0.0	1.6436613340016003e-05	9.704121340333239e-06	2.0	9.704121340333239e-06	0.0
ti|229204|org|Flavobacterium_frigoris|accession|NZ_FOFZ01000028.1	1.6320261379640465e-05	1.455618201049986e-05	3.0	1.455618201049986e-05	0.0	2.9226336996486083e-05	2.898368990841846e-05	5.973480522745228	0.0	0.00014070975943483198
ti|1509407|org|Aspergillus_nomius_NRRL_13137|accession|NW_015379041.1	1.614126645477838e-05	9.70412134033324e-05	20.0	9.70412134033324e-05	0.0	0.0007356689062789657	0.0018632952700726021	384.02142857142314	0.0003153839435608303	0.006094188201729274
ti|887901|org|Porphyromonas_catoniae_ATCC_51270|accession|NZ_JDFF01000019.1	1.5950458987753337e-05	1.455618201049986e-05	3.0	1.455618201049986e-05	0.0	9.522854462687728e-06	1.698221234558317e-05	3.5	1.455618201049986e-05	4.852060670166619e-06
ti|1499686|org|Pseudomonas_saudiphocaensis|accession|NZ_CCSF01000001.1	1.56034336740288e-05	2.42603033508331e-05	5.0	2.42603033508331e-05	0.0	0.00011978734764575306	8.833617681107711e-05	18.20590936840937	2.911236402099972e-05	0.000242603033508331
ti|1214242|org|Streptomyces_collinus_Tu_365|accession|NC_021985.1	1.54498005913563e-05	9.704121340333239e-06	2.0	9.704121340333239e-06	0.0	1.4598083082408368e-05	7.755002951462887e-06	1.598290598290598	0.0	4.366854603149958e-05
ti|477641|org|Modestobacter_marinus|accession|NC_017955.1	1.544581043249093e-05	1.455618201049986e-05	3.0	1.455618201049986e-05	0.0	3.144066266248714e-05	3.661590430991395e-05	7.546464646464645	2.42603033508331e-05	6.792884938233267e-05
ti|521097|org|Capnocytophaga_ochracea_DSM_7271|accession|NC_013162.1	1.4957699366550423e-05	3.8816485361332955e-05	8.0	3.8816485361332955e-05	0.0	1.2630135859690427e-05	3.9355603213573694e-05	8.11111111111111	3.8816485361332955e-05	4.852060670166619e-06
ti|1206725|org|Nocardia_brevicatena_NBRC_12119|accession|NZ_BAFU01000116.1	1.4859860369233653e-05	2.911236402099972e-05	6.0	2.911236402099972e-05	0.0	1.68105891239257e-05	3.9509636885642475e-05	8.142857142857142	2.911236402099972e-05	1.455618201049986e-05
ti|332952|org|Aspergillus_flavus_NRRL3357|accession|NW_002477665.1	1.4759873273656659e-05	9.70412134033324e-05	20.0	9.70412134033324e-05	0.0	2.849168349950259e-05	0.00016230142941707344	33.45	0.00018437830546633155	1.9408242680666477e-05
ti|979556|org|Microbacterium_testaceum_StLB037|accession|NC_015125.1	1.4431463668286184e-05	9.704121340333239e-06	2.0	9.704121340333239e-06	0.0	6.854776222624741e-06	2.502750952517568e-06	0.5158119658119658	0.0	2.42603033508331e-05
ti|748671|org|Lactobacillus_crispatus_ST1|accession|NC_014106.1	1.3718681402683952e-05	1.9408242680666477e-05	4.0	1.9408242680666477e-05	0.0	2.1377369825067236e-05	2.1569780986736944e-05	4.4454887218045105	1.9408242680666477e-05	2.911236402099972e-05
ti|494023|org|Paeniglutamicibacter_antarcticus|accession|NZ_CZJT01000152.1	1.3644259943341652e-05	5.3372667371832815e-05	11.0	5.3372667371832815e-05	0.0	1.3644259943341652e-05	5.3372667371832815e-05	11.0	5.3372667371832815e-05	0.0
ti|214688|org|Gemmata_obscuriglobus_UQM_2246|accession|NZ_ABGO01000772.1	1.3516308774744882e-05	7.27809100524993e-06	1.5	1.455618201049986e-05	0.0	1.3516308774744882e-05	7.27809100524993e-06	1.5	1.455618201049986e-05	0.0
ti|214688|org|Gemmata_obscuriglobus_UQM_2246|accession|NZ_ABGO01000719.1	1.3516308774744882e-05	7.27809100524993e-06	1.5	1.455618201049986e-05	0.0	1.3516308774744882e-05	7.27809100524993e-06	1.5	1.455618201049986e-05	0.0
ti|237258|org|Cloacibacterium_normanense|accession|NZ_FNJE01000023.1	1.3493029053941027e-05	1.213015167541655e-05	2.5	1.455618201049986e-05	9.704121340333239e-06	1.5692970266941625e-05	1.0771942268123695e-05	2.2200757575757573	1.455618201049986e-05	1.9408242680666477e-05
ti|237258|org|Cloacibacterium_normanense|accession|NZ_FNJE01000003.1	1.3493029053941027e-05	1.698221234558317e-05	3.5	1.9408242680666477e-05	9.704121340333239e-06	1.5692970266941625e-05	1.1301257977596419e-05	2.3291666666666666	1.455618201049986e-05	1.9408242680666477e-05
ti|670483|org|Gloeophyllum_trabeum_ATCC_11539|accession|NW_006920435.1	1.3158190174028858e-05	4.852060670166619e-06	1.0	4.852060670166619e-06	0.0	5.181134739748698e-06	4.852060670166619e-06	1.0	0.0	4.852060670166619e-06
ti|981334|org|Acinetobacter_radioresistens_DSM_6976_=_NBRC_102413_=_CIP_103788|accession|NZ_KB849748.1	1.3154143444599599e-05	4.852060670166619e-06	1.0	4.852060670166619e-06	0.0	1.0814256172501569e-05	6.578274562437436e-06	1.3557692307692306	4.852060670166619e-06	1.9408242680666477e-05
ti|1835254|org|Polynucleobacter_duraquae|accession|NZ_CP007501.1	1.3046852678553128e-05	4.852060670166619e-06	1.0	4.852060670166619e-06	0.0	6.6150462573963e-05	3.3953325205973145e-05	6.997712418300653	1.455618201049986e-05	6.307678871216606e-05
ti|887325|org|Lachnoanaerobaculum_saburreum_DSM_3986|accession|NZ_GL622297.1	1.3046852090951275e-05	9.704121340333239e-06	2.0	9.704121340333239e-06	0.0	1.223465219608425e-05	9.959492954552536e-06	2.0526315789473686	9.704121340333239e-06	4.852060670166619e-06
ti|883081|org|Alloiococcus_otitis_ATCC_51267|accession|NZ_JH992958.1	1.3046852089800852e-05	4.852060670166619e-06	1.0	4.852060670166619e-06	0.0	1.0734290891663343e-05	4.852060670166619e-06	1.0	4.852060670166619e-06	0.0
ti|198312|org|Porphyrobacter_sanguineus|accession|NZ_FRDF01000003.1	1.3046852089800852e-05	9.704121340333239e-06	2.0	9.704121340333239e-06	0.0	1.3046854144892036e-05	5.107432284385915e-06	1.0526315789473684	4.852060670166619e-06	4.852060670166619e-06
ti|180197|org|Giesbergeria_anulus|accession|NZ_FOGD01000026.1	1.3046852089800852e-05	4.852060670166619e-06	1.0	4.852060670166619e-06	0.0	3.0372384209551865e-05	1.0247246855987529e-05	2.111937082525318	4.852060670166619e-06	6.307678871216606e-05
ti|1120944|org|Actinomyces_israelii_DSM_43320|accession|NZ_JONS01000094.1	1.3046852089800852e-05	4.852060670166619e-06	1.0	4.852060670166619e-06	0.0	1.3046852089800852e-05	4.852060670166619e-06	1.0	4.852060670166619e-06	0.0
ti|1513592|org|Colwellia_marinimaniae|accession|NZ_BDQM01000497.1	1.2772634276466102e-05	1.455618201049986e-05	3.0	1.455618201049986e-05	0.0	1.2772634276466102e-05	1.455618201049986e-05	3.0	1.455618201049986e-05	0.0
ti|1349409|org|Pandoravirus_dulcis|accession|NC_021858.1	1.2418629083333023e-05	5.822472804199944e-05	12.0	5.822472804199944e-05	0.0	2.8359138358272193e-06	1.5903976641101697e-05	3.2777777777777777	4.852060670166619e-06	4.366854603149958e-05
ti|56107|org|Cylindrospermum_stagnale_PCC_7417|accession|NC_019757.1	1.1934258020624716e-05	2.42603033508331e-05	5.0	2.42603033508331e-05	0.0	1.8739319384593627e-06	1.5903976641101696e-06	0.3277777777777777	0.0	1.9408242680666477e-05
ti|1121871|org|Eremococcus_coleocola_DSM_15696|accession|NZ_AUAT01000045.1	1.184086760283995e-05	1.455618201049986e-05	3.0	1.455618201049986e-05	0.0	1.8215932933965247e-05	1.5144851135924486e-05	3.1213235294117645	1.455618201049986e-05	9.704121340333239e-06
ti|525260|org|Corynebacterium_accolens_ATCC_49725|accession|NZ_GG666997.1	1.1630241545061568e-05	1.9408242680666477e-05	4.0	1.9408242680666477e-05	0.0	0.00011278087062043333	7.227294901119973e-05	14.895310245310244	2.911236402099972e-05	0.00016497006278566508
ti|1346|org|Streptococcus_iniae|accession|NZ_CP010783.1	1.1614977015578247e-05	3.396442469116634e-05	7.0	3.396442469116634e-05	0.0	0.002308694832244006	0.0012052894694439813	248.40774907346565	1.9408242680666477e-05	0.013304350357596872
ti|343013|org|Acidovorax_caeni|accession|NZ_CYIG01000005.1	1.1267904176471558e-05	2.42603033508331e-05	5.0	2.42603033508331e-05	0.0	2.3118740115975987e-05	2.8538745414155345e-05	5.881778352366588	4.852060670166619e-06	0.00014556182010499858
ti|762947|org|Bacillus_eiseniae|accession|NZ_LUUO01000010.1	1.1225221362573662e-05	1.455618201049986e-05	3.0	1.455618201049986e-05	0.0	7.153068418333062e-06	8.895444561972135e-06	1.8333333333333333	4.852060670166619e-06	9.704121340333239e-06
ti|1206725|org|Nocardia_brevicatena_NBRC_12119|accession|NZ_BAFU01000138.1	1.1060675876625646e-05	8.248503139283254e-05	17.0	8.248503139283254e-05	0.0	0.00017744060805444892	0.0003816145717086047	78.65	0.000242603033508331	0.0005676910984094945
ti|1177179|org|Alcanivorax_hongdengensis_A-11-3|accession|NZ_AMRJ01000086.1	1.08536462517726e-05	9.704121340333239e-06	2.0	9.704121340333239e-06	0.0	1.08536462517726e-05	9.704121340333239e-06	2.0	9.704121340333239e-06	0.0
ti|1547597|org|Sanguibacteroides_justesenii|accession|NZ_JPIU01000011.1	1.0691182363492206e-05	3.8816485361332955e-05	8.0	3.8816485361332955e-05	0.0	1.0691166429658373e-05	3.8816485361332955e-05	8.0	3.8816485361332955e-05	0.0
ti|214688|org|Gemmata_obscuriglobus_UQM_2246|accession|NZ_ABGO01000752.1	1.0671730235803766e-05	9.704121340333239e-06	2.0	9.704121340333239e-06	0.0	1.0671730235803766e-05	9.704121340333239e-06	2.0	9.704121340333239e-06	0.0
ti|1095770|org|Peptoniphilus_timonensis_JC401|accession|NZ_HE978599.1	1.0671730235803766e-05	9.704121340333239e-06	2.0	9.704121340333239e-06	0.0	3.4060931344893654e-06	3.639045502624965e-06	0.75	0.0	9.704121340333239e-06
ti|1670619|org|Nitratireductor_soli|accession|NZ_LFVY01000037.1	1.0235975104886145e-05	5.3372667371832815e-05	11.0	5.3372667371832815e-05	0.0	1.1578819647610465e-05	2.4606879112987855e-05	5.071428571428571	1.455618201049986e-05	4.366854603149958e-05
ti|182141|org|Pseudoalteromonas_prydzensis|accession|NZ_BDDT01000019.1	1.0114764581645089e-05	2.4260303350833097e-06	0.5	4.852060670166619e-06	0.0	9.666130361905404e-06	2.4260303350833097e-06	0.5	0.0	4.852060670166619e-06
ti|1314869|org|Pseudoalteromonas_espejiana_DSM_9414|accession|NZ_CP011028.1	1.0114764581645089e-05	7.27809100524993e-06	1.5	9.704121340333239e-06	0.0	9.666130361905404e-06	3.119181859392827e-06	0.6428571428571428	0.0	9.704121340333239e-06
ti|548476|org|Corynebacterium_aurimucosum_ATCC_700975|accession|NC_012590.1	9.596505007292827e-06	3.8816485361332955e-05	8.0	3.8816485361332955e-05	0.0	0.00013862466267470502	0.000155987358877132	32.14868268985915	8.248503139283254e-05	0.0002474550941784976
ti|1547597|org|Sanguibacteroides_justesenii|accession|NZ_JPIU01000018.1	9.168474370047755e-06	3.396442469116634e-05	7.0	3.396442469116634e-05	0.0	9.168474048820829e-06	2.911236402099972e-05	6.0	2.911236402099972e-05	0.0
ti|93061|org|Staphylococcus_aureus_subsp._aureus_NCTC_8325|accession|NC_007795.1	8.569459465174992e-06	1.455618201049986e-05	3.0	1.455618201049986e-05	0.0	1.5247124525411563e-05	8.464657178318812e-06	1.7445489151371505	4.852060670166619e-06	4.366854603149958e-05
ti|593907|org|Cellulomonas_gilvus_ATCC_13127|accession|NC_015671.1	8.424658030766921e-06	4.852060670166619e-06	1.0	4.852060670166619e-06	0.0	5.612520674814271e-06	2.096958399300004e-06	0.4321789321789322	0.0	1.9408242680666477e-05
ti|988821|org|Cellulomonas_marina|accession|NZ_FOKA01000031.1	8.41480544157977e-06	4.852060670166619e-06	1.0	4.852060670166619e-06	0.0	4.9625387222792125e-06	4.852060670166619e-06	1.0	4.852060670166619e-06	0.0
ti|997352|org|Prevotella_nigrescens_ATCC_33563|accession|NZ_GL982466.1	8.414449396184475e-06	4.852060670166619e-06	1.0	4.852060670166619e-06	0.0	8.414449396184475e-06	4.852060670166619e-06	1.0	4.852060670166619e-06	0.0
ti|883169|org|Corynebacterium_otitidis_ATCC_51513|accession|NZ_JH815195.1	8.414449396184475e-06	4.852060670166619e-06	1.0	4.852060670166619e-06	0.0	1.1292932028418547e-05	7.27809100524993e-06	1.5	4.852060670166619e-06	4.852060670166619e-06
ti|435830|org|Actinomyces_graevenitzii_C83|accession|NZ_JH470339.1	8.414449396184475e-06	4.852060670166619e-06	1.0	4.852060670166619e-06	0.0	8.414449396184475e-06	4.852060670166619e-06	1.0	4.852060670166619e-06	0.0
ti|1123055|org|Pararheinheimera_texasensis_DSM_17496|accession|NZ_JONU01000002.1	8.414449396184475e-06	4.852060670166619e-06	1.0	4.852060670166619e-06	0.0	8.414449396184475e-06	4.852060670166619e-06	1.0	4.852060670166619e-06	0.0
ti|1122988|org|Prevotella_nanceiensis_DSM_19126_=_JCM_15639|accession|NZ_KB904329.1	8.414449396184475e-06	4.852060670166619e-06	1.0	4.852060670166619e-06	0.0	8.414449396184475e-06	4.852060670166619e-06	1.0	4.852060670166619e-06	0.0
ti|1506151|org|Aspergillus_pseudonomius|accession|NW_022476057.1	8.414334767271619e-06	2.42603033508331e-05	5.0	2.42603033508331e-05	0.0	3.3721025211217724e-06	6.541617510671067e-06	1.3482142857142856	0.0	1.9408242680666477e-05
ti|132259|org|Aspergillus_pseudotamarii|accession|NW_022475067.1	8.414271659339485e-06	1.455618201049986e-05	3.0	1.455618201049986e-05	0.0	5.587133844006257e-06	5.013796025838841e-06	1.0333333333333334	4.852060670166619e-06	4.852060670166619e-06
ti|655827|org|Metarhizium_acridum_CQMa_102|accession|NW_006916781.1	8.402262674419574e-06	2.42603033508331e-05	5.0	2.42603033508331e-05	0.0	2.1282590300759046e-06	7.098021277274784e-06	1.4628879892037785	0.0	1.9408242680666477e-05
ti|504474|org|Corynebacterium_urealyticum_DSM_7109|accession|NC_010545.1	8.278736421140983e-06	1.455618201049986e-05	3.0	1.455618201049986e-05	0.0	7.2440981385362e-06	1.268877708152126e-05	2.6151315789473686	9.704121340333239e-06	1.455618201049986e-05
ti|1178825|org|Arenitalea_lutea|accession|NZ_ALIH01000026.1	8.086863476962038e-06	9.704121340333239e-06	2.0	9.704121340333239e-06	0.0	3.3158597766571024e-06	6.58650769705876e-07	0.13574660633484165	0.0	9.704121340333239e-06
ti|1122936|org|Rodentibacter_pneumotropicus_DSM_21403|accession|NZ_KB904051.1	7.919009523716437e-06	6.307678871216606e-05	13.0	6.307678871216606e-05	0.0	3.0507545397557623e-05	8.725676969667691e-05	17.983445720945717	6.307678871216606e-05	0.00012615357742433211
ti|270351|org|Methylobacterium_aquaticum|accession|NZ_AP014704.1	7.89699230155537e-06	4.852060670166619e-06	1.0	4.852060670166619e-06	0.0	6.046702936792316e-06	7.116355649577709e-06	1.4666666666666668	4.852060670166619e-06	1.455618201049986e-05
ti|214688|org|Gemmata_obscuriglobus_UQM_2246|accession|NZ_ABGO01000025.1	7.744175018165092e-06	0.01419712952090753	2926.0	0.01419712952090753	0.0	7.74145463818985e-06	0.0016276575293971112	335.4569614936858	0.0009121874059913245	0.012639618045784045
ti|1300347|org|Nocardioides_dokdonensis_FR1436|accession|NZ_CP015079.1	7.420848779961756e-06	1.9408242680666477e-05	4.0	1.9408242680666477e-05	0.0	5.158771482242088e-06	9.704121340333239e-06	2.0	9.704121340333239e-06	0.0
ti|214688|org|Gemmata_obscuriglobus_UQM_2246|accession|NZ_ABGO01000704.1	7.168956839067328e-06	9.704121340333239e-06	2.0	9.704121340333239e-06	0.0	7.168956839067328e-06	9.704121340333239e-06	2.0	9.704121340333239e-06	0.0
ti|929703|org|Flectobacillus_major_DSM_103|accession|NZ_KE386491.1	7.1119028084415605e-06	2.42603033508331e-05	5.0	2.42603033508331e-05	0.0	2.402754349562735e-06	1.2736659259187376e-05	2.625	1.455618201049986e-05	4.852060670166619e-06
ti|721885|org|Stereum_hirsutum_FP-91666_SS1|accession|NW_006763237.1	6.757494252666041e-06	4.852060670166619e-06	1.0	4.852060670166619e-06	0.0	4.8314764032927866e-06	4.852060670166619e-06	1.0	4.852060670166619e-06	0.0
ti|456481|org|Leptospira_biflexa_serovar_Patoc_strain_'Patoc_1_(Paris)'|accession|NC_010602.1	6.743176387763392e-06	1.6173535567222066e-06	0.3333333333333333	0.0	4.852060670166619e-06	6.743176387763394e-06	1.6173535567222066e-06	0.3333333333333333	0.0	4.852060670166619e-06
ti|1218599|org|Leptospira_wolbachii_serovar_Codice_str._CDC|accession|NZ_AOGZ02000014.1	6.743176387763392e-06	1.6173535567222066e-06	0.3333333333333333	0.0	4.852060670166619e-06	6.743176387763394e-06	1.6173535567222066e-06	0.3333333333333333	0.0	4.852060670166619e-06
ti|1193051|org|Leptospira_meyeri_serovar_Hardjo_str._Went_5|accession|NZ_AKXE01000007.1	6.743176387763392e-06	1.6173535567222066e-06	0.3333333333333333	0.0	4.852060670166619e-06	6.743176387763394e-06	1.6173535567222066e-06	0.3333333333333333	0.0	4.852060670166619e-06
ti|1265861|org|Brochothrix_campestris_FSL_F6-1037|accession|NZ_AODH01000033.1	6.523426044900426e-06	2.4260303350833097e-06	0.5	4.852060670166619e-06	0.0	6.523426044900426e-06	2.4260303350833097e-06	0.5	4.852060670166619e-06	0.0
ti|1121126|org|Brochothrix_thermosphacta_DSM_20171_=_FSL_F6-1036|accession|NZ_JHZM01000007.1	6.523426044900426e-06	2.4260303350833097e-06	0.5	4.852060670166619e-06	0.0	6.523426044900426e-06	2.4260303350833097e-06	0.5	4.852060670166619e-06	0.0
ti|1141883|org|Massilia_putida|accession|NZ_CP019038.1	6.344050379914658e-06	2.42603033508331e-05	5.0	2.42603033508331e-05	0.0	2.250743882218373e-05	1.632055770417373e-05	3.3636343017147974	0.0	0.00016982212345583169
ti|866774|org|Atopobium_vaginae_PB189-T1-4|accession|NZ_AEDQ01000025.1	6.338429504031797e-06	2.911236402099972e-05	6.0	2.911236402099972e-05	0.0	6.377332537042522e-06	3.6390455026249646e-05	7.5	3.8816485361332955e-05	0.0
ti|946333|org|Rhizobacter_gummiphilus|accession|NZ_CP015118.1	6.319293880497781e-06	4.852060670166619e-06	1.0	4.852060670166619e-06	0.0	2.1694980419265568e-05	1.1003185030685609e-05	2.2677344284542427	0.0	8.733709206299916e-05
ti|665912|org|Bipolaris_sorokiniana_ND90Pr|accession|NW_006911920.1	5.677791876713095e-06	9.704121340333239e-06	2.0	9.704121340333239e-06	0.0	2.5726184813514697e-06	3.099927650384229e-06	0.6388888888888888	0.0	1.455618201049986e-05
ti|1160718|org|Streptomyces_auratus_AGR0001|accession|NZ_JH725404.1	5.6163897850281425e-06	2.42603033508331e-05	5.0	2.42603033508331e-05	0.0	5.329558834220527e-06	2.42603033508331e-05	5.0	2.42603033508331e-05	0.0
ti|1293045|org|Limnohabitans_planktonicus_II-D5|accession|NZ_LFYT02000067.1	5.598855274252751e-06	3.8816485361332955e-05	8.0	3.8816485361332955e-05	0.0	4.171511270039823e-05	7.089491740636239e-05	14.611300687616476	3.8816485361332955e-05	7.763297072266591e-05
ti|525919|org|Anaerococcus_prevotii_DSM_20548|accession|NC_013171.1	5.4717650982637255e-06	9.704121340333239e-06	2.0	9.704121340333239e-06	0.0	4.816253521829068e-06	3.0325379188541373e-06	0.625	0.0	9.704121340333239e-06
ti|696125|org|Bartonella_clarridgeiae_73|accession|NC_014932.1	5.429048220744843e-06	4.852060670166619e-06	1.0	4.852060670166619e-06	0.0	1.366538099983662e-06	3.732354361666631e-07	0.07692307692307693	0.0	4.852060670166619e-06
ti|70584|org|Aquabacterium_parvum|accession|NZ_LFRI01000260.1	5.4268231258863e-06	4.852060670166619e-06	1.0	4.852060670166619e-06	0.0	5.4268231258863e-06	4.852060670166619e-06	1.0	4.852060670166619e-06	0.0
ti|1838286|org|Lacunisphaera_limnophila|accession|NZ_CP016094.1	5.4268231258863e-06	4.852060670166619e-06	1.0	4.852060670166619e-06	0.0	5.4268231258863e-06	4.852060670166619e-06	1.0	4.852060670166619e-06	0.0
ti|1236504|org|Prevotella_histicola_JCM_15637_=_DNF00424|accession|NZ_BAJX01000041.1	5.4268231258863e-06	9.704121340333239e-06	2.0	9.704121340333239e-06	0.0	7.79298371440058e-06	1.075172534866467e-05	2.215909090909091	9.704121340333239e-06	9.704121340333239e-06
ti|1177982|org|Acidovorax_wautersii|accession|NZ_FONX01000011.1	5.4268231258863e-06	4.852060670166619e-06	1.0	4.852060670166619e-06	0.0	5.4268231258863e-06	4.852060670166619e-06	1.0	4.852060670166619e-06	0.0
ti|494023|org|Paeniglutamicibacter_antarcticus|accession|NZ_CZJT01000026.1	5.41114937124036e-06	2.42603033508331e-05	5.0	2.42603033508331e-05	0.0	1.328104089137133e-05	3.396442469116634e-05	7.0	4.366854603149958e-05	0.0
ti|1763534|org|Flavobacterium_crassostreae|accession|NZ_CP017688.1	5.000760938710153e-06	2.42603033508331e-05	5.0	2.42603033508331e-05	0.0	1.8215314082432802e-05	3.142897168041117e-05	6.477448205389382	4.852060670166619e-06	0.00017467418412599832
ti|1122993|org|Prevotella_veroralis_DSM_19559_=_JCM_6290|accession|NZ_KB898352.1	4.957360454788276e-06	4.852060670166619e-06	1.0	4.852060670166619e-06	0.0	5.419294041290156e-06	4.852060670166619e-06	1.0	4.852060670166619e-06	0.0
ti|1408440|org|Gemella_sanguinis_ATCC_700632|accession|NZ_JNJO01000008.1	4.70463623381473e-06	9.704121340333239e-06	2.0	9.704121340333239e-06	0.0	2.409611670948324e-05	2.911236402099972e-05	6.0	2.911236402099972e-05	0.0
ti|1778|org|Mycobacterium_gordonae|accession|NZ_LQOY01000080.1	4.669117918705867e-06	9.704121340333239e-06	2.0	9.704121340333239e-06	0.0	3.733836519028785e-06	9.704121340333239e-06	2.0	9.704121340333239e-06	0.0
ti|272623|org|Lactococcus_lactis_subsp._lactis_Il1403|accession|NC_002662.1	4.6569094549869e-06	0.00010189327407349901	21.0	0.00010189327407349901	0.0	0.0003299412763637928	0.00045618122079357906	94.01803724311506	7.763297072266591e-05	0.003716678473347631
ti|1392250|org|Aspergillus_steynii_IBT_23096|accession|NW_020194416.1	4.542683383967165e-06	9.704121340333239e-06	2.0	9.704121340333239e-06	0.0	8.061157658149199e-07	1.331881593156498e-06	0.2744981325863679	0.0	2.42603033508331e-05
ti|146827|org|Corynebacterium_simulans|accession|NZ_CP014634.1	4.513434514283467e-06	4.852060670166619e-06	1.0	4.852060670166619e-06	0.0	3.069278406555481e-05	2.1741450858124652e-05	4.480869538957775	4.852060670166619e-06	0.00011644945608399888
ti|1703|org|Brevibacterium_linens|accession|NZ_CP014869.1	4.499447472189779e-06	9.704121340333239e-06	2.0	9.704121340333239e-06	0.0	6.200162593345127e-06	4.187081093774945e-06	0.8629490392648287	0.0	2.911236402099972e-05
ti|1392250|org|Aspergillus_steynii_IBT_23096|accession|NW_020194410.1	4.43345346811155e-06	9.704121340333239e-06	2.0	9.704121340333239e-06	0.0	2.7438572644980157e-06	1.262566440725546e-06	0.26021241830065356	0.0	1.9408242680666477e-05
ti|537011|org|Prevotella_copri_DSM_18205|accession|NZ_GG703854.1	4.382050691573311e-06	9.704121340333239e-06	2.0	9.704121340333239e-06	0.0	4.085256636654941e-06	6.469414226888826e-06	1.3333333333333333	4.852060670166619e-06	4.852060670166619e-06
ti|714315|org|Leptotrichia_goodfellowii_DSM_19756|accession|NZ_KI911785.1	4.361588400819642e-06	4.852060670166619e-06	1.0	4.852060670166619e-06	0.0	4.393064401337685e-06	4.852060670166619e-06	1.0	4.852060670166619e-06	0.0
ti|457405|org|Fusobacterium_nucleatum_subsp._animalis_7_1|accession|NZ_CP007062.1	4.3584658991652205e-06	9.704121340333239e-06	2.0	9.704121340333239e-06	0.0	2.712768762196881e-05	1.9408242680666477e-05	4.0	1.455618201049986e-05	1.455618201049986e-05
ti|1206725|org|Nocardia_brevicatena_NBRC_12119|accession|NZ_BAFU01000139.1	4.35818487440507e-06	9.704121340333239e-06	2.0	9.704121340333239e-06	0.0	4.358184874377521e-06	9.704121340333239e-06	2.0	9.704121340333239e-06	0.0
ti|36805|org|Microbacterium_aurum|accession|NZ_CP018762.1	4.358184874228444e-06	4.852060670166619e-06	1.0	4.852060670166619e-06	0.0	6.068714410011695e-06	5.225296106333283e-06	1.0769230769230769	4.852060670166619e-06	4.852060670166619e-06
ti|1427523|org|Tessaracoccus_lapidicaptus|accession|NZ_MBQD01000013.1	4.358184874228444e-06	4.852060670166619e-06	1.0	4.852060670166619e-06	0.0	8.789057187133911e-06	6.138241831940946e-06	1.265079365079365	4.852060670166619e-06	1.9408242680666477e-05
ti|1206725|org|Nocardia_brevicatena_NBRC_12119|accession|NZ_BAFU01000131.1	4.3520824242993304e-06	7.278091005249929e-05	15.0	7.278091005249929e-05	0.0	6.776948547472192e-06	8.248503139283254e-05	17.0	8.248503139283254e-05	0.0
ti|139825|org|Sparassis_crispa|accession|NW_020939767.1	4.348347952520783e-06	0.00019893448747683142	41.0	0.00019893448747683142	0.0	1.2215511644110623e-06	2.1669306184439773e-05	4.466000666000668	4.852060670166619e-06	0.00022319479082766452
ti|494023|org|Paeniglutamicibacter_antarcticus|accession|NZ_CZJT01000067.1	4.344641982574375e-06	2.42603033508331e-05	5.0	2.42603033508331e-05	0.0	3.141997175867318e-06	1.9408242680666477e-05	4.0	2.42603033508331e-05	0.0
ti|449673|org|Bacteroides_stercoris_ATCC_43183|accession|NZ_DS499676.1	4.045905832658036e-06	1.0674533474366565e-05	2.2	9.704121340333239e-06	4.852060670166619e-06	4.045905832658035e-06	4.205119247477737e-06	0.8666666666666667	0.0	1.455618201049986e-05
ti|449673|org|Bacteroides_stercoris_ATCC_43183|accession|NZ_DS499675.1	4.045905832658036e-06	9.70412134033324e-07	0.2	0.0	4.852060670166619e-06	4.045905832658035e-06	9.70412134033324e-07	0.2	0.0	4.852060670166619e-06
ti|449673|org|Bacteroides_stercoris_ATCC_43183|accession|NZ_DS499671.1	4.045905832658036e-06	9.70412134033324e-07	0.2	0.0	4.852060670166619e-06	4.045905832658035e-06	9.70412134033324e-07	0.2	0.0	4.852060670166619e-06
ti|449673|org|Bacteroides_stercoris_ATCC_43183|accession|NZ_DS499666.1	4.045905832658036e-06	9.70412134033324e-07	0.2	0.0	4.852060670166619e-06	4.045905832658035e-06	9.70412134033324e-07	0.2	0.0	4.852060670166619e-06
ti|449673|org|Bacteroides_stercoris_ATCC_43183|accession|NZ_DS499665.1	4.045905832658036e-06	9.70412134033324e-07	0.2	0.0	4.852060670166619e-06	4.045905832658035e-06	9.70412134033324e-07	0.2	0.0	4.852060670166619e-06
ti|1510458|org|Pseudoruegeria_sabulilitoris|accession|NZ_LOAS01000123.1	3.7509378090525196e-06	7.763297072266591e-05	16.0	7.763297072266591e-05	0.0	0.0011257468366205083	0.0011293171209812844	232.75000000000074	0.0010043765587244903	0.0014701743830604858
ti|1478|org|Bacillus_simplex|accession|NZ_CP011009.1	3.750584802258035e-06	4.852060670166619e-06	1.0	4.852060670166619e-06	0.0	1.0217265140366406e-05	2.4260303350833097e-06	0.5	0.0	4.852060670166619e-06
ti|1217656|org|Acinetobacter_guillouiae_NIPH_991|accession|NZ_KB849456.1	3.7195422811374392e-06	9.704121340333239e-06	2.0	9.704121340333239e-06	0.0	1.5232283603613156e-05	1.1567542262534305e-05	2.3840473252237953	4.852060670166619e-06	5.822472804199944e-05
ti|1479|org|Bacillus_smithii|accession|NZ_CP012024.1	3.7133425548252948e-06	9.704121340333239e-06	2.0	9.704121340333239e-06	0.0	4.206536121522321e-06	7.818624608153062e-06	1.6114028944911296	0.0	7.763297072266591e-05
ti|1497615|org|Bradyrhizobium_neotropicale|accession|NZ_LSEF01000035.1	3.6432977351766803e-06	4.852060670166619e-06	1.0	4.852060670166619e-06	0.0	4.9178160594783615e-06	4.784255019542407e-06	0.9860253910176511	0.0	5.822472804199944e-05
ti|158500|org|Novosphingobium_resinovorum|accession|NZ_CP017075.1	3.633891544149794e-06	9.704121340333239e-06	2.0	9.704121340333239e-06	0.0	1.1711182364456153e-06	2.0748943655317783e-06	0.4276315789473684	0.0	1.9408242680666477e-05
ti|176299|org|Agrobacterium_fabrum_str._C58|accession|NC_003063.2	3.6066191622992633e-06	1.9408242680666477e-05	4.0	1.9408242680666477e-05	0.0	1.4033561589092455e-05	3.354175192968286e-05	6.912887989203778	2.911236402099972e-05	4.85206067016662e-05
ti|742733|org|[Clostridium]_citroniae_WAL-17108|accession|NZ_JH376458.1	3.4999805516696823e-06	7.278091005249929e-05	15.0	7.278091005249929e-05	0.0	3.4999805516696823e-06	7.278091005249929e-05	15.0	7.278091005249929e-05	0.0
ti|36849|org|Oxobacter_pfennigii|accession|NZ_LKET01000049.1	3.4999805516696823e-06	4.852060670166619e-06	1.0	4.852060670166619e-06	0.0	1.2856730929355179e-06	4.852060670166619e-06	1.0	0.0	4.852060670166619e-06
ti|1278308|org|[Zimmermannella]_faecalis_ATCC_13722|accession|NZ_KB907085.1	3.4999805516696823e-06	4.852060670166619e-06	1.0	4.852060670166619e-06	0.0	3.5501193485140795e-06	4.852060670166619e-06	1.0	4.852060670166619e-06	0.0
ti|593133|org|Lutibacter_maritimus|accession|NZ_FOZP01000008.1	3.4306258827216584e-06	9.704121340333239e-06	2.0	9.704121340333239e-06	0.0	1.264277337620905e-06	4.57140225885306e-06	0.942156862745098	0.0	2.42603033508331e-05
ti|1105367|org|Paenirhodobacter_enshiensis|accession|NZ_JFZB01000079.1	3.3000669493912698e-06	1.455618201049986e-05	3.0	4.852060670166619e-06	9.704121340333239e-06	3.0246842834243282e-06	4.852060670166619e-06	1.0	4.852060670166619e-06	0.0
ti|1509407|org|Aspergillus_nomius_NRRL_13137|accession|NW_015379110.1	3.2964559691507252e-06	1.455618201049986e-05	3.0	1.455618201049986e-05	0.0	3.1345765249544816e-06	1.455618201049986e-05	3.0	1.455618201049986e-05	0.0
ti|1123016|org|Pseudomonas_balearica_DSM_6083|accession|NZ_CP007511.1	2.9132805600359666e-06	1.455618201049986e-05	3.0	1.455618201049986e-05	0.0	0.00014156382422183695	9.660455896551702e-05	19.910006393675125	3.396442469116634e-05	0.0005822472804199943
ti|415425|org|Flavobacterium_terrae|accession|NZ_FQZI01000011.1	2.8601124115512602e-06	4.852060670166619e-06	1.0	4.852060670166619e-06	0.0	2.165556704069097e-05	1.864768043607579e-05	3.843249642514348	4.852060670166619e-06	8.733709206299916e-05
ti|1678131|org|Pseudorhodobacter_psychrotolerans|accession|NZ_LGIC01000093.1	2.846780080509294e-06	1.213015167541655e-05	2.5	2.42603033508331e-05	0.0	2.648231537976708e-06	1.0270195085186012e-05	2.1166666666666667	0.0	2.911236402099972e-05
ti|1678131|org|Pseudorhodobacter_psychrotolerans|accession|NZ_LGIC01000003.1	2.846780080509294e-06	1.213015167541655e-05	2.5	2.42603033508331e-05	0.0	2.648231537976708e-06	1.0270195085186012e-05	2.1166666666666667	0.0	2.911236402099972e-05
ti|1811193|org|Streptococcus_pantholopis|accession|NZ_CP014699.1	2.8145823821012564e-06	9.704121340333239e-06	2.0	9.704121340333239e-06	0.0	3.233477696205457e-05	4.4729101058017794e-05	9.218578269855351	0.0	0.0004269813389746625
ti|1122994|org|Propionibacterium_acidifaciens_DSM_21887|accession|NZ_AUFR01000007.1	2.8107719650200777e-06	9.704121340333239e-06	2.0	9.704121340333239e-06	0.0	2.8107719650200777e-06	9.704121340333239e-06	2.0	9.704121340333239e-06	0.0
ti|706434|org|Megasphaera_micronuciformis_F0359|accession|NZ_GL538193.1	2.810771964838884e-06	4.852060670166619e-06	1.0	4.852060670166619e-06	0.0	4.1049274784903535e-06	4.852060670166619e-06	1.0	4.852060670166619e-06	0.0
ti|70584|org|Aquabacterium_parvum|accession|NZ_LFRI01000282.1	2.810771964838884e-06	4.852060670166619e-06	1.0	4.852060670166619e-06	0.0	1.3173001646161503e-05	1.2750747067317196e-05	2.6279034690799397	4.852060670166619e-06	5.3372667371832815e-05
ti|203275|org|Tannerella_forsythia_92A2|accession|NC_016610.1	2.810771964838884e-06	2.42603033508331e-05	5.0	2.42603033508331e-05	0.0	2.810771964838884e-06	1.64161386007304e-05	3.3833333333333337	1.455618201049986e-05	1.9408242680666477e-05
ti|1219037|org|Sphingobium_xenophagum_NBRC_107872|accession|NZ_BARE01000030.1	2.7516953574173978e-06	9.704121340333239e-06	2.0	9.704121340333239e-06	0.0	2.7516953574173978e-06	9.704121340333239e-06	2.0	9.704121340333239e-06	0.0
ti|570446|org|Sphingobium_faniae|accession|NZ_FMTU01000087.1	2.71341156294315e-06	2.4260303350833097e-06	0.5	4.852060670166619e-06	0.0	2.71341156294315e-06	2.4260303350833097e-06	0.5	4.852060670166619e-06	0.0
ti|1219037|org|Sphingobium_xenophagum_NBRC_107872|accession|NZ_BARE01000116.1	2.71341156294315e-06	2.4260303350833097e-06	0.5	4.852060670166619e-06	0.0	2.71341156294315e-06	2.4260303350833097e-06	0.5	4.852060670166619e-06	0.0
ti|28066|org|Rhodoferax_fermentans|accession|NZ_MTJN01000002.1	2.3144861571149827e-06	9.704121340333239e-06	2.0	9.704121340333239e-06	0.0	2.843890689063653e-05	3.577103648425184e-05	7.372339077331335	0.0	0.00022804685149783113
ti|796943|org|Oribacterium_parvum_ACB1|accession|NZ_KE148312.1	2.2609844360225128e-06	1.455618201049986e-05	3.0	1.455618201049986e-05	0.0	3.114991695901208e-06	6.829642973613318e-06	1.4075757575757575	0.0	3.396442469116634e-05
ti|452637|org|Opitutus_terrae_PB90-1|accession|NC_010571.1	2.257280839619291e-06	9.704121340333239e-06	2.0	9.704121340333239e-06	0.0	1.9243435335718957e-06	4.852060670166619e-06	1.0	4.852060670166619e-06	0.0
ti|1123508|org|Zavarzinella_formosa_DSM_19928|accession|NZ_JH636449.1	2.257280839619291e-06	4.852060670166619e-06	1.0	4.852060670166619e-06	0.0	2.257280839619291e-06	4.852060670166619e-06	1.0	4.852060670166619e-06	0.0
ti|553190|org|Gardnerella_vaginalis_409-05|accession|NC_013721.1	2.179092437114222e-06	7.27809100524993e-06	1.5	9.704121340333239e-06	0.0	2.179092437114222e-06	7.27809100524993e-06	1.5	9.704121340333239e-06	0.0
ti|525284|org|Gardnerella_vaginalis_ATCC_14019|accession|NC_014644.1	2.179092437114222e-06	2.4260303350833097e-06	0.5	4.852060670166619e-06	0.0	2.179092437114222e-06	2.4260303350833097e-06	0.5	4.852060670166619e-06	0.0
