Total Number of Aligned Reads:	117532	Total Number of Mapped Genomes:	5896
Genome	Final Guess	Final Best Hit	Final Best Hit Read Numbers	Final High Confidence Hits	Final Low Confidence Hits	Initial Guess	Initial Best Hit	Initial Best Hit Read Numbers	Initial High Confidence Hits	Initial Low Confidence Hits
ti|1969841|org|Proteus_phage_VB_PmiS-Isfahan|accession|NC_041925.1	0.6955827655024358	0.6003896811081237	70565.0	0.6003896811081237	0.0	0.6955827655024358	0.6003694147598574	70562.61805555556	0.6003471395024333	4.254160569036518e-05
ti|1161202|org|Porphyrobacter_colymbi|accession|NZ_MUYK01000052.1	0.06589521096380999	0.053772589592621586	6320.0	0.053772589592621586	0.0	0.06589521096380999	0.0537729047156267	6320.037037037037	0.053772589592621586	8.508321138073035e-06
ti|1197720|org|Microbacterium_barkeri_2011-R4|accession|NZ_AKVP01000090.1	0.034018838950923155	0.03742810468638328	4399.0	0.03742810468638328	0.0	0.027108925270826294	0.030980215317247053	3641.1666666666806	0.032212503828744514	0.0014038729877820508
ti|1234409|org|Catellicoccus_marimammalium_M35/04/3|accession|NZ_AMYT01000013.1	0.033854174830918876	0.028885750263757955	3395.0	0.028885750263757955	0.0	0.021666778846225632	0.01890242351709785	2221.6396408115443	0.0248017561174829	0.0008082905081169384
ti|494023|org|Paeniglutamicibacter_antarcticus|accession|NZ_CZJT01000051.1	0.0321089777858226	0.07676207330769493	9022.0	0.07676207330769493	0.0	0.01522644077750507	0.0373244854896658	4386.8214285714	0.031242555219004185	0.03122553857672804
ti|398843|org|Rhodococcus_kyotonensis|accession|NZ_LVHI01000035.1	0.017865833802452512	0.013409114113603104	1576.0	0.013409114113603104	0.0	0.009301844932439943	0.007380968587278372	867.5000000000016	0.012192424190858659	0.0010975734268114216
ti|1234409|org|Catellicoccus_marimammalium_M35/04/3|accession|NZ_AMYT01000014.1	0.015473498382582773	0.016880509137936903	1984.0	0.016880509137936903	0.0	0.01453867389259723	0.015702106660313707	1845.4999999999905	0.016335976585100227	0.0011316067113637137
ti|1177179|org|Alcanivorax_hongdengensis_A-11-3|accession|NZ_AMRJ01000061.1	0.01386155082743219	0.027839226763774972	3272.0	0.027839226763774972	0.0	0.014240919829954148	0.03262533972510814	3834.5214285714105	0.029072933328795562	0.028511384133682743
ti|399739|org|Pseudomonas_mendocina_ymp|accession|NC_009439.1	0.01026122125975964	0.005538917060885546	651.0	0.005538917060885546	0.0	0.0030695588233411977	0.002233129196093712	262.46414067528616	0.0014889561991627811	0.0032842119592961915
ti|198214|org|Shigella_flexneri_2a_str._301|accession|NC_004337.2	0.007413943198370468	0.003369295170676922	396.0	0.003369295170676922	0.0	0.0013145429819211144	0.0006334644827613991	74.45234758791277	0.0001701664227614607	0.002484429772317326
ti|538381|org|Stappia_indica|accession|NZ_MBQE01000017.1	0.006946262096014889	0.006032399686893782	709.0	0.006032399686893782	0.0	0.009080992798890731	0.007821983232935174	919.3333333333369	0.00751284756491849	0.0014719395568866351
ti|398843|org|Rhodococcus_kyotonensis|accession|NZ_LVHI01000036.1	0.00545169606321026	0.006798148589320355	799.0	0.006798148589320355	0.0	0.008490149045935466	0.009852635877888575	1158.0	0.010967225946976142	0.0
ti|1510458|org|Pseudoruegeria_sabulilitoris|accession|NZ_LOAS01000141.1	0.005060713773606318	0.008695504203110643	1022.0	0.008695504203110643	0.0	0.004671912458484499	0.007879556205969482	926.1000000000051	0.007385222747847395	0.0012762481707109554
ti|267747|org|Cutibacterium_acnes_KPA171202|accession|NC_006085.1	0.0046904337292971434	0.002118571963380186	249.0	0.002118571963380186	0.0	0.0032558037793302113	0.001616057686957527	189.93849206349208	0.0014719395568866351	0.0005190075894224551
ti|457405|org|Fusobacterium_nucleatum_subsp._animalis_7_1|accession|NZ_CP007062.1	0.003045265864238672	0.0032842119592961915	386.0	0.0032842119592961915	0.0	0.0019090062431866598	0.002110715578537108	248.07662337662336	0.0017356975121668992	0.001208181601606371
ti|58627|org|Debaryomyces_fabryi|accession|NW_015385825.1	0.0027237850522469666	0.00792975530068407	932.0	0.00792975530068407	0.0	0.0037773010242087594	0.00969551554753884	1139.5333333333351	0.010218493686825715	0.0012677398495728822
ti|680646|org|Rothia_mucilaginosa_DY-18|accession|NC_013715.1	0.0023345955407739105	0.0012337065650205902	145.0	0.0012337065650205902	0.0	0.001912530844182608	0.0010604954979303092	124.6421568627451	0.0009869652520164722	0.0001701664227614607
ti|964|org|Herbaspirillum_seropedicae|accession|NZ_CP011930.1	0.0023216963350717597	0.001191164959330225	140.0	0.001191164959330225	0.0	0.0006382476413261877	0.00047514419068549055	55.84464701964708	0.00032331620324677535	0.0006976823333219889
ti|300267|org|Shigella_dysenteriae_Sd197|accession|NC_007606.1	0.0018447858114837442	0.0008933737194976687	105.0	0.0008933737194976687	0.0	0.0014810201202251243	0.0007706436521241751	90.57528972145855	0.0002722662764183371	0.002416363203212742
ti|365659|org|Streptococcus_mitis_B6|accession|NC_013853.1	0.0017449820588957925	0.0014038729877820508	165.0	0.0014038729877820508	0.0	0.0006141631572773454	0.0005091699823397428	59.84376636435465	0.00032331620324677535	0.0008167988292550114
ti|1051616|org|Verticillium_nonalfalfae|accession|NW_021167660.1	0.001697185410746664	0.007921246979545996	931.0	0.007895722016131777	2.5524963414219107e-05	0.005489982252763977	0.014713763870589437	1729.3380952381176	0.01065241806486744	0.02054759554844638
ti|1510458|org|Pseudoruegeria_sabulilitoris|accession|NZ_LOAS01000115.1	0.0016319086426737285	0.0015825477316815846	186.0	0.0015825477316815846	0.0	0.0028973174605900127	0.0033017603716434672	388.0625	0.00420311064220808	1.701664227614607e-05
ti|1304|org|Streptococcus_salivarius|accession|NZ_CP009913.1	0.0015542914493344184	0.000723207296736208	85.0	0.000723207296736208	0.0	0.0006164163794549602	0.00033470403121296707	39.33843419652244	0.000238232991866045	0.0005275159105605282
ti|1236504|org|Prevotella_histicola_JCM_15637_=_DNF00424|accession|NZ_BAJX01000041.1	0.0013722507151372578	0.0010890651056733485	128.0	0.0010890651056733485	0.0	0.001004957755546837	0.0008774141716659497	103.1242424242424	0.0008082905081169384	0.00025524963414219105
ti|1510458|org|Pseudoruegeria_sabulilitoris|accession|NZ_LOAS01000122.1	0.0013548100967755723	0.0011486233536398597	135.0	0.0011486233536398597	0.0	0.0021246572855899604	0.0020561776083676503	241.66666666666669	0.00218663853248477	8.508321138073035e-05
ti|771870|org|Sordaria_macrospora_k-hell|accession|NW_020186208.1	0.0012643845731620774	0.0011741483170540788	138.0	0.0011741483170540788	0.0	0.0012643845731620774	0.0011741483170540788	138.0	0.0011741483170540788	0.0
ti|1051616|org|Verticillium_nonalfalfae|accession|NW_021167692.1	0.0011843418241346863	0.004407310349521833	518.0	0.004407310349521833	0.0	0.002759979781663106	0.007635792805363666	897.4500000000024	0.00821052989824048	0.0015740394105435115
ti|1392877|org|Pseudomonas_oryzae|accession|NZ_LT629751.1	0.0010341261528322412	0.0006806656910458428	80.0	0.0006636490487696967	1.701664227614607e-05	0.0005037865822005773	0.00037479946456945825	44.050930669777564	0.0001446414593472416	0.0014804478780247082
ti|1570016|org|Thioflexothrix_psekupsii|accession|NZ_MSLT01000005.1	0.0009946949885735353	0.004101010788551203	482.0	0.004101010788551203	0.0	0.0031198313981518635	0.008579264330038685	1008.3380952381068	0.005139025967396113	0.013664363747745295
ti|76775|org|Malassezia_restricta|accession|NC_040196.1	0.000885735876166662	0.00045944934145594394	54.0	0.00045944934145594394	0.0	0.0007226806474722586	0.00042411059059716406	49.846565934065886	0.0002637579552802641	0.0007912738658407923
ti|398578|org|Delftia_acidovorans_SPH-1|accession|NC_010002.1	0.0008560506663647177	0.00037436613007521357	44.0	0.00037436613007521357	0.0	0.00030678549151094247	0.00016291464187506512	19.147683688860155	0.00011060817479494947	0.00022121634958989893
ti|1242245|org|Acinetobacter_johnsonii_XBB1|accession|NZ_CP010350.1	0.0007839636318166432	0.0004083994146275057	48.0	0.0004083994146275057	0.0	0.00016964457157034828	0.00010061320908547518	11.825271690234068	3.403328455229214e-05	0.0003658578089371405
ti|166122|org|Human_endogenous_retrovirus_K113|accession|NC_022518.1	0.0007382043120619567	0.0014719395568866351	173.0	0.0014719395568866351	0.0	0.0007382043120619567	0.0014804478780247082	174.0	0.0014804478780247082	0.0
ti|1510458|org|Pseudoruegeria_sabulilitoris|accession|NZ_LOAS01000096.1	0.0006987035350678539	0.0006125991219412585	72.0	0.0006125991219412585	0.0	0.00907167021981358	0.007836860977814079	921.0819444444444	0.012736956743695333	0.0006211074430793316
ti|760570|org|Streptococcus_parasanguinis_ATCC_15912|accession|NC_015678.1	0.000680587281038591	0.00033182452438484836	39.0	0.00033182452438484836	0.0	0.0003710215905451028	0.00024893284540594614	29.25757518625166	0.0001701664227614607	0.0004339243780417248
ti|743720|org|Pseudomonas_fulva_12-X|accession|NC_015556.1	0.0006197949130822529	0.0003658578089371405	43.0	0.00031480788210870234	5.1049926828438214e-05	0.000673063997747891	0.00043378179211372883	50.983241590710776	0.00016165810162338767	0.0018122724024095566
ti|58627|org|Debaryomyces_fabryi|accession|NW_015385850.1	0.0006010338117208077	0.002331279991832012	274.0	0.002331279991832012	0.0	0.0028199126035839683	0.007820747500579544	919.188095238115	0.003539461593438383	0.015765919068849336
ti|1236504|org|Prevotella_histicola_JCM_15637_=_DNF00424|accession|NZ_BAJX01000046.1	0.0005929082768221191	0.0005360242316986012	63.0	0.0005360242316986012	0.0	0.0003913194496815811	0.00033854002071168467	39.789285714285725	0.00030629956097062927	0.00013613313820916856
ti|322095|org|Porphyromonas_somerae|accession|NZ_KQ960421.1	0.0005460395705286904	0.0007572405812885001	89.0	0.0007572405812885001	0.0	0.00047241064953549086	0.0006475288188991693	76.10535714285716	0.0006296157642174047	0.00011060817479494947
ti|176280|org|Staphylococcus_epidermidis_ATCC_12228|accession|NC_004461.1	0.0005301389336673787	0.0002807745975564102	33.0	0.0002807745975564102	0.0	0.0001760987609934674	9.36559894971221e-05	11.007575757575754	6.806656910458428e-05	0.00018718306503760678
ti|1499686|org|Pseudomonas_saudiphocaensis|accession|NZ_CCSF01000001.1	0.000519435105512247	0.00030629956097062927	36.0	0.00025524963414219105	5.1049926828438214e-05	0.00033028354454530155	0.00015805206595286133	18.576175415571697	6.806656910458428e-05	0.0005785658373889664
ti|40215|org|Acinetobacter_junii|accession|NZ_CP019041.1	0.00048217981251505595	0.00025524963414219105	30.0	0.00025524963414219105	0.0	8.977770745733294e-05	6.559704172312324e-05	7.70975150780212	4.254160569036518e-05	0.00030629956097062927
ti|1123016|org|Pseudomonas_balearica_DSM_6083|accession|NZ_CP007511.1	0.0004766339638626765	0.00017867474389953375	21.0	0.00016165810162338767	1.701664227614607e-05	0.0003879473279695439	0.0002062575422337717	24.241861453819656	6.806656910458428e-05	0.0009359153251880339
ti|1197720|org|Microbacterium_barkeri_2011-R4|accession|NZ_AKVP01000114.1	0.00046945908282138027	0.0010295068577068373	121.0	0.0010295068577068373	0.0	0.003843316329847232	0.003409069491997279	400.6747555334242	0.004305210495864956	0.0004934826260082361
ti|316|org|Pseudomonas_stutzeri|accession|NZ_CP007441.1	0.00046803206352371955	0.00015314978048531464	18.0	0.00015314978048531464	0.0	0.00039947835107972837	0.0002068867507901751	24.31581359387086	5.955824796651125e-05	0.0011571316747779328
ti|169292|org|Corynebacterium_aurimucosum|accession|NZ_JVXO01000036.1	0.00036051224959304426	0.00019569138617567982	23.0	0.00019569138617567982	0.0	0.00012032283016919605	6.496321350999227e-05	7.635256410256411	3.403328455229214e-05	0.00012762481707109553
ti|58627|org|Debaryomyces_fabryi|accession|NW_015385861.1	0.00034140769862812633	0.0020249804308613826	238.0	0.0020249804308613826	0.0	0.0008839682582507957	0.003528258970606574	414.68333333333186	0.0030289623251540006	0.0014974645203008543
ti|486041|org|Laccaria_bicolor_S238N-H82|accession|NW_001890524.1	0.00032983170054845935	0.000238232991866045	28.0	0.000238232991866045	0.0	0.00032983170054845935	0.000238232991866045	28.0	0.000238232991866045	0.0
ti|214688|org|Gemmata_obscuriglobus_UQM_2246|accession|NZ_ABGO01000756.1	0.0002984484785246682	0.0013783480243678317	162.0	0.0013783480243678317	0.0	0.00047129711123899596	0.001808301852545122	212.53333333333327	0.0017527141544430452	0.00012762481707109553
ti|270351|org|Methylobacterium_aquaticum|accession|NZ_AP014704.1	0.0002864627983268723	0.00022972467072797197	27.0	0.00022121634958989893	8.508321138073035e-06	0.0001257645460247098	8.669124336615564e-05	10.188995215311005	6.806656910458428e-05	0.00011060817479494947
ti|1368415|org|Agrobacterium_rubi_TR3_=_NBRC_13261|accession|NZ_BBJU01000046.1	0.0002742314902114271	9.359153251880339e-05	11.0	9.359153251880339e-05	0.0	5.848414308753001e-05	2.6519442508279593e-05	3.116883116883117	8.508321138073035e-06	7.657489024265732e-05
ti|479436|org|Veillonella_parvula_DSM_2008|accession|NC_013520.1	0.0002579422358591423	0.00020419970731375286	24.0	0.00020419970731375286	0.0	0.00023753899596162513	0.00017229350304597894	20.249999999999996	0.0001701664227614607	3.403328455229214e-05
ti|214688|org|Gemmata_obscuriglobus_UQM_2246|accession|NZ_ABGO01000668.1	0.000249692070232192	0.0009444236463261069	111.0	0.0009444236463261069	0.0	0.0002587819871138038	0.0010167443759997276	119.5	0.0010209985365687642	0.0
ti|622312|org|Roseburia_inulinivorans_DSM_16841|accession|NZ_ACFY01000079.1	0.00023970227434185065	0.00012762481707109553	15.0	0.00012762481707109553	0.0	0.00023970227434185065	0.00012762481707109553	15.0	0.00012762481707109553	0.0
ti|225991|org|Comamonas_aquatica|accession|NZ_CP016603.1	0.00023291846957480117	0.00015314978048531464	18.0	0.00015314978048531464	0.0	0.00011578763637464274	3.980706317591792e-05	4.678603749191985	2.5524963414219107e-05	9.359153251880339e-05
ti|1214242|org|Streptomyces_collinus_Tu_365|accession|NC_021985.1	0.00022019649708422825	0.0001191164959330225	14.0	0.0001191164959330225	0.0	2.9333375995507592e-05	1.2035580321363818e-05	1.4145658263305323	0.0	0.00010209985365687643
ti|72758|org|Staphylococcus_capitis_subsp._capitis|accession|NZ_CP007601.1	0.00021426107995426835	5.1049926828438214e-05	6.0	5.1049926828438214e-05	0.0	0.00018365374697047282	9.14143893978172e-05	10.744116014704252	5.955824796651125e-05	0.00020419970731375286
ti|279808|org|Staphylococcus_haemolyticus_JCSC1435|accession|NC_007168.1	0.00020517533795368745	0.0001191164959330225	14.0	0.0001191164959330225	0.0	8.757386675664241e-05	3.6740572084138095e-05	4.318192918192919	8.508321138073035e-06	0.00016165810162338767
ti|544580|org|Actinomyces_oris|accession|NZ_CP014232.1	0.00020473047444825998	0.00010209985365687643	12.0	0.00010209985365687643	0.0	0.00011836464364876164	7.505554718228713e-05	8.821428571428571	5.955824796651125e-05	4.254160569036518e-05
ti|521097|org|Capnocytophaga_ochracea_DSM_7271|accession|NC_013162.1	0.00019768593380708254	0.00031480788210870234	37.0	0.00031480788210870234	0.0	0.00012617755558149443	0.00023029189213717683	27.066666666666666	0.00020419970731375286	7.657489024265732e-05
ti|28141|org|Cronobacter_sakazakii|accession|NZ_CP011047.1	0.00018626177743034602	9.359153251880339e-05	11.0	9.359153251880339e-05	0.0	0.00022364604438095085	9.123696951642675e-05	10.72326350120467	0.0	0.0006891740121839158
ti|771870|org|Sordaria_macrospora_k-hell|accession|NW_020185481.1	0.00018477284546811648	0.00016165810162338767	19.0	0.00016165810162338767	0.0	1.9832295020940633e-05	1.0700014976565863e-05	1.257594160225739	0.0	8.508321138073035e-05
ti|398525|org|Bradyrhizobium_elkanii_USDA_76|accession|NZ_KB900701.1	0.00017557857737634977	4.254160569036518e-05	5.0	4.254160569036518e-05	0.0	2.83247281347355e-05	6.960279375451414e-06	0.8180555555555555	0.0	3.403328455229214e-05
ti|71421|org|Haemophilus_influenzae_Rd_KW20|accession|NC_000907.1	0.00017164601164006076	0.0002892829186944832	34.0	0.0002892829186944832	0.0	9.466108256339158e-05	0.00010988564276179563	12.915079365079364	9.359153251880339e-05	0.00010209985365687643
ti|887898|org|Lautropia_mirabilis_ATCC_51599|accession|NZ_GL636064.1	0.00016792499528133517	4.254160569036518e-05	5.0	4.254160569036518e-05	0.0	0.00015552559130292454	4.254160569036518e-05	5.0	4.254160569036518e-05	0.0
ti|100226|org|Streptomyces_coelicolor_A3(2)|accession|NC_003888.3	0.00015924146517249914	0.00012762481707109553	15.0	0.00012762481707109553	0.0	8.480918078131199e-05	5.9580913279514706e-05	7.0026638995679225	3.403328455229214e-05	0.00013613313820916856
ti|52441|org|Nitrosomonas_aestuarii|accession|NZ_FOSP01000014.1	0.00015384888853609566	0.00011060817479494947	13.0	0.00011060817479494947	0.0	3.792679027316631e-05	2.9081669895135462e-05	3.418026826115061	2.5524963414219107e-05	5.1049926828438214e-05
ti|28066|org|Rhodoferax_fermentans|accession|NZ_MTJN01000002.1	0.00015103302636645133	4.254160569036518e-05	5.0	4.254160569036518e-05	0.0	2.9216765527457393e-05	1.0190064951121264e-05	1.1976587138351844	0.0	0.00011060817479494947
ti|99287|org|Salmonella_enterica_subsp._enterica_serovar_Typhimurium_str._LT2|accession|NC_003197.2	0.00014828683273324642	0.00012762481707109553	15.0	0.00012762481707109553	0.0	0.0003081399106115117	0.00012645559702324625	14.862579229336177	0.0	0.0009103903617738148
ti|1236504|org|Prevotella_histicola_JCM_15637_=_DNF00424|accession|NZ_BAJX01000009.1	0.0001435376546138983	9.359153251880339e-05	11.0	9.359153251880339e-05	0.0	0.0001435154487571655	9.642763956482774e-05	11.333333333333334	9.359153251880339e-05	8.508321138073035e-06
ti|1574624|org|[Propionibacterium]_namnetense|accession|NZ_LWHO01000015.1	0.00014226367893165775	5.1049926828438214e-05	6.0	5.1049926828438214e-05	0.0	0.0006080240154430432	0.00022491341770346636	26.434523809523807	0.00019569138617567982	0.00019569138617567982
ti|1000562|org|Streptococcus_phocae_subsp._salmonis|accession|NZ_JSAP01000001.1	0.00014034864513505686	3.403328455229214e-05	4.0	3.403328455229214e-05	0.0	8.752175492502527e-05	4.8727908975230855e-05	5.727088597676833	8.508321138073035e-06	0.00015314978048531464
ti|332952|org|Aspergillus_flavus_NRRL3357|accession|NW_002477665.1	0.00013667922253886996	0.00047646598373209	56.0	0.00047646598373209	0.0	0.00013278782259075754	0.000428819385358881	50.400000000000006	0.0004339243780417248	4.254160569036518e-05
ti|1224164|org|Corynebacterium_vitaeruminis_DSM_20294|accession|NZ_CP004353.1	0.00012695067912443163	4.254160569036518e-05	5.0	4.254160569036518e-05	0.0	6.583808016321263e-05	1.83401588976241e-05	2.155555555555556	1.701664227614607e-05	1.701664227614607e-05
ti|160488|org|Pseudomonas_putida_KT2440|accession|NC_002947.4	0.00012642562734698583	4.254160569036518e-05	5.0	4.254160569036518e-05	0.0	0.00034903836855238786	0.00010208657400183075	11.998439215583172	1.701664227614607e-05	0.0008253071503930844
ti|214688|org|Gemmata_obscuriglobus_UQM_2246|accession|NZ_ABGO01000856.1	0.00012151066503578699	0.0004254160569036518	50.0	0.0004254160569036518	0.0	0.00012151066503578699	0.0004254160569036518	50.0	0.0004254160569036518	0.0
ti|1177154|org|Alcanivorax_nanhaiticus|accession|NZ_ARXV01000034.1	0.00012041894492574855	0.0007487322601504271	88.0	0.0007487322601504271	0.0	0.001738943534385141	0.004440107901718334	521.8547619047592	0.0017867474389953375	0.010592859816900928
ti|759913|org|Streptococcus_dysgalactiae_subsp._equisimilis_AC-2713|accession|NC_019042.1	0.00012006397083076301	9.359153251880339e-05	11.0	8.508321138073035e-05	8.508321138073035e-06	5.4457742114493633e-05	2.8830680726985316e-05	3.3885275672040382	0.0	0.0002722662764183371
ti|887898|org|Lautropia_mirabilis_ATCC_51599|accession|NZ_GL636063.1	0.00011868891288592279	6.806656910458428e-05	8.0	6.806656910458428e-05	0.0	7.461850302321714e-05	6.174978522934824e-05	7.257575757575758	5.1049926828438214e-05	2.5524963414219107e-05
ti|1392005|org|Comamonas_testosteroni_TK102|accession|NZ_CP006704.1	0.00011754498110709132	4.254160569036518e-05	5.0	4.254160569036518e-05	0.0	0.00011504121848983103	3.29451171499695e-05	3.8721055088702148	1.701664227614607e-05	0.00012762481707109553
ti|465515|org|Micrococcus_luteus_NCTC_2665|accession|NC_012803.1	0.00011574405017482504	0.00015314978048531464	18.0	0.00015314978048531464	0.0	8.325098288360128e-05	0.00010494963037167737	12.334939956843984	7.657489024265732e-05	0.0001191164959330225
ti|1408657|org|Pneumocystis_jirovecii_RU7|accession|NW_017264776.1	0.00011501224549206947	0.0002722662764183371	32.0	0.0002722662764183371	0.0	3.7741725820313354e-05	9.179533138965466e-05	10.788888888888891	0.0	0.0002722662764183371
ti|290340|org|Paenarthrobacter_aurescens_TC1|accession|NC_008711.1	0.00011479857838258202	7.657489024265732e-05	9.0	7.657489024265732e-05	0.0	1.983750491878877e-05	8.077380197313493e-06	0.9493506493506494	0.0	8.508321138073035e-05
ti|883169|org|Corynebacterium_otitidis_ATCC_51513|accession|NZ_JH815195.1	0.00011320319544091925	9.359153251880339e-05	11.0	9.359153251880339e-05	0.0	5.7377252970414835e-05	6.523046205855992e-05	7.666666666666665	5.1049926828438214e-05	4.254160569036518e-05
ti|1236518|org|Prevotella_scopos_JCM_17725|accession|NZ_CP016205.1	0.00010801127042522454	0.00011060817479494947	13.0	0.00011060817479494947	0.0	0.00017414972564899173	0.00010264037146077782	12.063528138528138	5.955824796651125e-05	0.00022972467072797197
ti|236234|org|Diplodia_corticola|accession|NW_017971615.1	0.00010792391150984229	8.508321138073035e-05	10.0	8.508321138073035e-05	0.0	8.55076429068969e-05	6.955552530374707e-05	8.175	5.955824796651125e-05	2.5524963414219107e-05
ti|494023|org|Paeniglutamicibacter_antarcticus|accession|NZ_CZJT01000023.1	0.00010362087716044149	0.00013613313820916856	16.0	0.00013613313820916856	0.0	0.00010362087716044149	0.00013613313820916856	16.0	0.00013613313820916856	0.0
ti|1141883|org|Massilia_putida|accession|NZ_CP019038.1	0.00010120801139438152	3.403328455229214e-05	4.0	3.403328455229214e-05	0.0	8.758397078824487e-05	2.9125652998300448e-05	3.4231962481962483	8.508321138073035e-06	0.0002127080284518259
ti|1120980|org|Alysiella_crassa_DSM_2578|accession|NZ_JQKH01000114.1	9.658714561630957e-05	4.254160569036518e-05	5.0	4.254160569036518e-05	0.0	4.171170492993922e-05	2.1713407429637903e-05	2.552020202020202	8.508321138073035e-06	4.254160569036518e-05
ti|1778|org|Mycobacterium_gordonae|accession|NZ_LQOY01000080.1	9.571593519626524e-05	3.403328455229214e-05	4.0	3.403328455229214e-05	0.0	5.579115521556655e-05	1.9569138617567984e-05	2.3000000000000003	1.701664227614607e-05	1.701664227614607e-05
ti|1528099|org|Lawsonella_clevelandensis|accession|NZ_CP009312.1	9.454173247627338e-05	0.0002127080284518259	25.0	0.0002127080284518259	0.0	7.137697583058703e-05	0.00018550789191976272	21.80311355311355	0.00013613313820916856	9.359153251880339e-05
ti|1642299|org|Streptomyces_alfalfae|accession|NZ_CP015588.1	9.42896006773158e-05	3.403328455229214e-05	4.0	3.403328455229214e-05	0.0	1.2808979533978145e-05	6.2006078452663215e-06	0.7287698412698413	0.0	5.955824796651125e-05
ti|1547597|org|Sanguibacteroides_justesenii|accession|NZ_JPIU01000031.1	9.382934502866936e-05	0.0005615491951128204	66.0	0.0005615491951128204	0.0	0.0001426169049784028	0.0007302975643512689	85.83333333333334	0.000731715617874281	4.254160569036518e-05
ti|525260|org|Corynebacterium_accolens_ATCC_49725|accession|NZ_GG666997.1	9.348548944802615e-05	9.359153251880339e-05	11.0	8.508321138073035e-05	8.508321138073035e-06	0.00010231973926964258	8.550862743763398e-05	10.049999999999997	7.657489024265732e-05	4.254160569036518e-05
ti|887901|org|Porphyromonas_catoniae_ATCC_51270|accession|NZ_JDFF01000019.1	9.211491475595098e-05	0.00017867474389953375	21.0	0.00017867474389953375	0.0	6.0499862006638295e-05	0.00012337065650205902	14.5	0.00013613313820916856	8.508321138073035e-06
ti|871203|org|Caballeronia_zhejiangensis|accession|NZ_JFHD01000104.1	9.028817818153679e-05	3.403328455229214e-05	4.0	3.403328455229214e-05	0.0	8.039514394118432e-05	2.7098422003639312e-05	3.1849317349317356	0.0	0.00015314978048531464
ti|747|org|Pasteurella_multocida|accession|NZ_CP008918.1	9.025131800693106e-05	8.508321138073035e-05	10.0	8.508321138073035e-05	0.0	3.188196933224279e-05	1.7580487367439003e-05	2.066269841269841	8.508321138073035e-06	7.657489024265732e-05
ti|1321611|org|Variovorax_soli_NBRC_106424|accession|NZ_BCUU01000176.1	9.003788042720103e-05	5.955824796651125e-05	7.0	5.955824796651125e-05	0.0	2.2599128035245405e-05	1.2157908305340493e-05	1.4289432789432788	0.0	7.657489024265732e-05
ti|467210|org|Lachnoanaerobaculum_saburreum|accession|NZ_KQ959784.1	8.783385842298131e-05	7.657489024265732e-05	9.0	7.657489024265732e-05	0.0	5.568759867252441e-05	3.482334294368464e-05	4.092857142857143	3.403328455229214e-05	4.254160569036518e-05
ti|888832|org|Prevotella_salivae_DSM_15606|accession|NZ_GL629649.1	8.466817160035405e-05	7.657489024265732e-05	9.0	7.657489024265732e-05	0.0	5.628272577573838e-05	2.8236146697501906e-05	3.318650793650794	2.5524963414219107e-05	5.1049926828438214e-05
ti|997352|org|Prevotella_nigrescens_ATCC_33563|accession|NZ_GL982466.1	8.35112684273274e-05	4.254160569036518e-05	5.0	4.254160569036518e-05	0.0	7.817928628925027e-05	3.4884116666099456e-05	4.100000000000001	2.5524963414219107e-05	7.657489024265732e-05
ti|214688|org|Gemmata_obscuriglobus_UQM_2246|accession|NZ_ABGO01000740.1	8.304356510219315e-05	6.806656910458428e-05	8.0	6.806656910458428e-05	0.0	8.304356510219315e-05	6.806656910458428e-05	8.0	6.806656910458428e-05	0.0
ti|171101|org|Streptococcus_pneumoniae_R6|accession|NC_003098.1	8.002188164676784e-05	0.00011060817479494947	13.0	0.00010209985365687643	8.508321138073035e-06	0.00044195235454361784	0.00039807104077835883	46.78608556476207	0.00019569138617567982	0.0008253071503930844
ti|1566885|org|Mycolicibacterium_komanii|accession|NZ_CVTA01000056.1	7.860207233059708e-05	0.00013613313820916856	16.0	0.00013613313820916856	0.0	7.860207233059708e-05	0.00013613313820916856	16.0	0.00013613313820916856	0.0
ti|1223513|org|Corynebacterium_xerosis_NBRC_16721|accession|NZ_BCRD01000013.1	7.674785868580162e-05	2.5524963414219107e-05	3.0	2.5524963414219107e-05	0.0	4.613090892450185e-05	1.2407968326356509e-05	1.4583333333333333	8.508321138073035e-06	1.701664227614607e-05
ti|469599|org|Fusobacterium_periodonticum_2_1_31|accession|NZ_KN173677.1	7.654893405232225e-05	0.00018718306503760678	22.0	0.00018718306503760678	0.0	0.00039242780962339273	0.00044384737638489816	52.16626984126985	0.00025524963414219105	0.0008763570772215226
ti|199|org|Campylobacter_concisus|accession|NZ_CP012541.1	7.463293808621484e-05	6.806656910458428e-05	8.0	6.806656910458428e-05	0.0	5.3932743062524256e-05	3.793293174057561e-05	4.458333333333333	2.5524963414219107e-05	4.254160569036518e-05
ti|214688|org|Gemmata_obscuriglobus_UQM_2246|accession|NZ_ABGO01000697.1	7.38725059993718e-05	7.657489024265732e-05	9.0	7.657489024265732e-05	0.0	7.38725059993718e-05	7.657489024265732e-05	9.0	7.657489024265732e-05	0.0
ti|1236504|org|Prevotella_histicola_JCM_15637_=_DNF00424|accession|NZ_BAJX01000002.1	7.24865937636751e-05	5.955824796651125e-05	7.0	5.955824796651125e-05	0.0	7.24865937636751e-05	5.955824796651125e-05	7.0	5.955824796651125e-05	0.0
ti|548476|org|Corynebacterium_aurimucosum_ATCC_700975|accession|NC_012590.1	7.204548087475463e-05	3.403328455229214e-05	4.0	3.403328455229214e-05	0.0	5.3707342289884126e-05	3.516772737070188e-05	4.133333333333334	1.701664227614607e-05	5.955824796651125e-05
ti|638300|org|Cardiobacterium_hominis_ATCC_15826|accession|NZ_GG694026.1	7.032058263769401e-05	3.403328455229214e-05	4.0	3.403328455229214e-05	0.0	6.750594784790123e-05	3.403328455229214e-05	4.0	3.403328455229214e-05	0.0
ti|76775|org|Malassezia_restricta|accession|NC_039455.1	6.802122601221695e-05	2.5524963414219107e-05	3.0	2.5524963414219107e-05	0.0	6.802122601221695e-05	2.5524963414219107e-05	3.0	2.5524963414219107e-05	0.0
ti|360105|org|Campylobacter_curvus_525.92|accession|NC_009715.2	6.672564636866266e-05	8.508321138073035e-06	1.0	8.508321138073035e-06	0.0	2.5184260943202774e-05	8.72102916652486e-06	1.025	8.508321138073035e-06	2.5524963414219107e-05
ti|796942|org|Stomatobaculum_longum|accession|NZ_JH590862.1	6.590339101236525e-05	0.00010209985365687643	12.0	0.00010209985365687643	0.0	3.093824007848173e-05	2.7510238346436147e-05	3.2333333333333334	8.508321138073035e-06	8.508321138073035e-05
ti|425265|org|Malassezia_globosa_CBS_7966|accession|NW_001849859.1	6.518512187631248e-05	4.254160569036518e-05	5.0	4.254160569036518e-05	0.0	0.0002747914699993871	0.00023278867923305153	27.360119047619012	7.657489024265732e-05	0.0007657489024265732
ti|1254|org|Pediococcus_acidilactici|accession|NZ_CP015206.1	6.496853801954725e-05	5.1049926828438214e-05	6.0	5.1049926828438214e-05	0.0	1.8746615065153424e-05	3.757841835982257e-05	4.416666666666667	1.701664227614607e-05	5.1049926828438214e-05
ti|344880|org|Sphingomonas_dokdonensis|accession|NZ_NBBI01000016.1	6.292321275431577e-05	9.359153251880339e-05	11.0	9.359153251880339e-05	0.0	4.242519570409577e-05	2.0594500395746015e-05	2.420512820512821	8.508321138073035e-06	7.657489024265732e-05
ti|93061|org|Staphylococcus_aureus_subsp._aureus_NCTC_8325|accession|NC_007795.1	6.170286064191048e-05	1.701664227614607e-05	2.0	1.701664227614607e-05	0.0	0.00010220805374613196	3.6181204676493064e-05	4.252449348037583	1.701664227614607e-05	0.0001701664227614607
ti|1244083|org|Campylobacter_showae_CSUNSWCD|accession|NZ_AMZQ01000020.1	6.160574891501262e-05	2.5524963414219107e-05	3.0	2.5524963414219107e-05	0.0	8.133317075773548e-05	4.218709230961214e-05	4.958333333333334	2.5524963414219107e-05	4.254160569036518e-05
ti|58627|org|Debaryomyces_fabryi|accession|NW_015385895.1	6.0746177050256554e-05	0.0003828744512132866	45.0	0.0003828744512132866	0.0	0.0006198864264915621	0.0014160682480799556	166.43333333333334	0.0011230983902256408	0.00142939795119627
ti|1891675|org|Pantoea_alhagi|accession|NZ_CP019706.1	5.948430093344571e-05	2.5524963414219107e-05	3.0	2.5524963414219107e-05	0.0	7.210877472152721e-05	3.548960602083556e-05	4.171164374840846	0.0	0.00030629956097062927
ti|208964|org|Pseudomonas_aeruginosa_PAO1|accession|NC_002516.2	5.855199592359928e-05	1.701664227614607e-05	2.0	1.701664227614607e-05	0.0	0.00022236991768409038	8.853000321320801e-05	10.405108337654765	1.701664227614607e-05	0.0008082905081169384
ti|1124983|org|Pseudomonas_protegens_CHA0|accession|NC_021237.1	5.7894061083324534e-05	3.403328455229214e-05	4.0	2.5524963414219107e-05	8.508321138073035e-06	0.00013176224014965117	7.901308218874054e-05	9.286565575807053	8.508321138073035e-06	0.0006636490487696967
ti|1236504|org|Prevotella_histicola_JCM_15637_=_DNF00424|accession|NZ_BAJX01000001.1	5.729564242751635e-05	5.1049926828438214e-05	6.0	5.1049926828438214e-05	0.0	5.729564242751635e-05	5.1049926828438214e-05	6.0	5.1049926828438214e-05	0.0
ti|1509407|org|Aspergillus_nomius_NRRL_13137|accession|NW_015379133.1	5.616950955005546e-05	0.00039989109348943265	47.0	0.00039989109348943265	0.0	0.00023312809872043198	0.0008383532428047966	98.53333333333335	0.0010380151788449102	0.0002807745975564102
ti|69373|org|Curtobacterium_pusillum|accession|NZ_CP018783.1	5.586991145295674e-05	1.701664227614607e-05	2.0	1.701664227614607e-05	0.0	1.0378272507207251e-05	2.931438375302474e-06	0.3445378151260504	0.0	2.5524963414219107e-05
ti|1206725|org|Nocardia_brevicatena_NBRC_12119|accession|NZ_BAFU01000138.1	5.46547597591045e-05	0.00022972467072797197	27.0	0.00022972467072797197	0.0	0.0004736495947381791	0.0007203711896901835	84.66666666666664	0.0005104992682843821	0.0009359153251880339
ti|1051074|org|Streptococcus_thermophilus_JIM_8232|accession|NC_017581.1	5.419061100763881e-05	1.701664227614607e-05	2.0	1.701664227614607e-05	0.0	0.00041980941633149515	0.00018008348997931804	21.165572744249207	7.657489024265732e-05	0.0005785658373889664
ti|1196094|org|Snodgrassella_alvi_wkB2|accession|NZ_CP007446.1	5.4022526639988236e-05	4.254160569036518e-05	5.0	4.254160569036518e-05	0.0	2.7972327459135117e-05	2.2747941931653604e-05	2.673611111111111	0.0	5.1049926828438214e-05
ti|1161099|org|Corynebacterium_appendicis_CIP_107643|accession|NZ_FTOF01000024.1	5.083092683290062e-05	2.5524963414219107e-05	3.0	2.5524963414219107e-05	0.0	4.8260152002342776e-05	2.127080284518259e-05	2.5	1.701664227614607e-05	8.508321138073035e-06
ti|257708|org|Roseomonas_gilardii|accession|NZ_CP015583.1	5.073908604471075e-05	5.1049926828438214e-05	6.0	5.1049926828438214e-05	0.0	9.350028369770429e-06	2.8670754739534215e-05	3.3697311460469352	1.701664227614607e-05	5.1049926828438214e-05
ti|1170230|org|Penicillium_digitatum_Pd1|accession|NW_014574576.1	5.0603111782980045e-05	1.701664227614607e-05	2.0	1.701664227614607e-05	0.0	6.856642243897997e-06	5.02764430886134e-06	0.590909090909091	0.0	3.403328455229214e-05
ti|263474|org|Bacillus_humi|accession|NZ_LMBW01000096.1	5.0487564634480955e-05	9.359153251880339e-05	11.0	9.359153251880339e-05	0.0	8.709407004461559e-05	0.00011113994486607902	13.0625	0.00012762481707109553	5.1049926828438214e-05
ti|888742|org|Neisseria_bacilliformis_ATCC_BAA-1200|accession|NZ_GL878495.1	4.9104631976323164e-05	2.5524963414219107e-05	3.0	2.5524963414219107e-05	0.0	4.044046197340431e-05	2.7243816169385375e-05	3.202020202020202	2.5524963414219107e-05	1.701664227614607e-05
ti|316|org|Pseudomonas_stutzeri|accession|NC_015740.1	4.887139478734482e-05	5.1049926828438214e-05	6.0	5.1049926828438214e-05	0.0	0.00045516436657984594	0.00025092805156213746	29.49207575620114	8.508321138073035e-05	0.001216689922744444
ti|1123036|org|Psychromonas_arctica_DSM_14288|accession|NZ_AXWP01000109.1	4.8506186150588365e-05	1.701664227614607e-05	2.0	1.701664227614607e-05	0.0	4.8506186150588365e-05	1.701664227614607e-05	2.0	1.701664227614607e-05	0.0
ti|1485682|org|Mitosporidium_daphniae|accession|NW_013546451.1	4.834521471415778e-05	5.955824796651125e-05	7.0	5.955824796651125e-05	0.0	4.834521471415778e-05	5.955824796651125e-05	7.0	5.955824796651125e-05	0.0
ti|546270|org|Gemella_haemolysans_ATCC_10379|accession|NZ_ACDZ02000011.1	4.8329086997958924e-05	6.806656910458428e-05	8.0	6.806656910458428e-05	0.0	9.702487667946735e-06	1.6165810162338768e-05	1.9000000000000001	0.0	7.657489024265732e-05
ti|176299|org|Agrobacterium_fabrum_str._C58|accession|NC_003063.2	4.772828315065678e-05	1.701664227614607e-05	2.0	1.701664227614607e-05	0.0	5.470622836626685e-05	2.1068223770466565e-05	2.4761904761904763	8.508321138073035e-06	6.806656910458428e-05
ti|1219050|org|Sphingomonas_paucimobilis_NBRC_13935|accession|NZ_BBJS01000072.1	4.76988449783233e-05	5.1049926828438214e-05	6.0	5.1049926828438214e-05	0.0	6.00626945365184e-05	6.689997608484309e-05	7.862887989203777	5.955824796651125e-05	5.955824796651125e-05
ti|1236497|org|Prevotella_oulorum_JCM_14966|accession|NZ_BAJQ01000092.1	4.6615543742565195e-05	9.359153251880339e-05	11.0	9.359153251880339e-05	0.0	6.186855731068188e-05	8.783491047895635e-05	10.323412698412698	8.508321138073035e-05	3.403328455229214e-05
ti|565050|org|Caulobacter_vibrioides_NA1000|accession|NC_011916.1	4.5806120049840635e-05	1.2762481707109554e-05	1.5	2.5524963414219107e-05	0.0	2.338518558169235e-05	7.326609868896225e-06	0.8611111111111112	0.0	2.5524963414219107e-05
ti|190650|org|Caulobacter_vibrioides_CB15|accession|NC_002696.2	4.5806120049840635e-05	1.2762481707109554e-05	1.5	2.5524963414219107e-05	0.0	2.338518558169235e-05	7.326609868896225e-06	0.8611111111111112	0.0	2.5524963414219107e-05
ti|469599|org|Fusobacterium_periodonticum_2_1_31|accession|NZ_KN173680.1	4.5410526144598376e-05	5.1049926828438214e-05	6.0	5.1049926828438214e-05	0.0	7.233546916208352e-05	8.510684560611389e-05	10.002777777777778	0.0	0.0002892829186944832
ti|321614|org|Parastagonospora_nodorum_SN15|accession|NW_001884553.1	4.540849532298188e-05	5.955824796651125e-05	7.0	5.955824796651125e-05	0.0	1.6384452664095787e-05	8.136476688905173e-06	0.9562963782004028	0.0	8.508321138073035e-05
ti|1123072|org|Rubritepida_flocculans_DSM_14296|accession|NZ_AUDH01000010.1	4.5359596293811634e-05	9.359153251880339e-05	11.0	9.359153251880339e-05	0.0	3.1195684864468185e-05	7.941099728868165e-05	9.333333333333332	4.254160569036518e-05	6.806656910458428e-05
ti|494023|org|Paeniglutamicibacter_antarcticus|accession|NZ_CZJT01000026.1	4.509291067055505e-05	0.0001446414593472416	17.0	0.0001446414593472416	0.0	4.509291072413373e-05	0.0001446414593472416	17.0	0.0001446414593472416	0.0
ti|641143|org|Capnocytophaga_granulosa_ATCC_51502|accession|NZ_KE150251.1	4.486362788531568e-05	5.955824796651125e-05	7.0	5.955824796651125e-05	0.0	4.372140944094488e-05	4.778840372551022e-05	5.616666666666667	3.403328455229214e-05	5.1049926828438214e-05
ti|1670619|org|Nitratireductor_soli|accession|NZ_LFVY01000037.1	4.481773274289451e-05	6.806656910458428e-05	8.0	6.806656910458428e-05	0.0	4.473235150464992e-05	5.754933880891066e-05	6.763888888888888	3.403328455229214e-05	5.955824796651125e-05
ti|1214101|org|Streptomyces_davaonensis_JCM_4913|accession|NC_020504.1	4.457070599074064e-05	2.5524963414219107e-05	3.0	2.5524963414219107e-05	0.0	2.7032322050888827e-05	1.0961491095311971e-05	1.2883259714142066	0.0	8.508321138073035e-05
ti|981334|org|Acinetobacter_radioresistens_DSM_6976_=_NBRC_102413_=_CIP_103788|accession|NZ_KB849748.1	4.456182686551478e-05	1.701664227614607e-05	2.0	1.701664227614607e-05	0.0	1.8516252899987868e-05	7.513101781796565e-06	0.8830298786181139	0.0	6.806656910458428e-05
ti|1232427|org|Corynebacterium_ihumii|accession|NZ_HG001324.1	4.410327505580143e-05	5.1049926828438214e-05	6.0	5.1049926828438214e-05	0.0	2.201154813769294e-05	3.1480788210870234e-05	3.7	8.508321138073035e-06	4.254160569036518e-05
ti|1049583|org|Kocuria_indica|accession|NZ_FXAC01000036.1	4.405199969722637e-05	1.701664227614607e-05	2.0	1.701664227614607e-05	0.0	2.1162519423603187e-05	1.6449420866941203e-05	1.9333333333333333	0.0	4.254160569036518e-05
ti|322095|org|Porphyromonas_somerae|accession|NZ_KQ960422.1	4.338593462154921e-05	3.403328455229214e-05	4.0	3.403328455229214e-05	0.0	6.640087608182171e-05	7.23207296736208e-05	8.5	7.657489024265732e-05	8.508321138073035e-06
ti|446465|org|Brachybacterium_faecium_DSM_4810|accession|NC_013172.1	4.3202207102021646e-05	2.5524963414219107e-05	3.0	2.5524963414219107e-05	0.0	1.6972574029349742e-05	9.075542547277904e-06	1.0666666666666667	0.0	1.701664227614607e-05
ti|706434|org|Megasphaera_micronuciformis_F0359|accession|NZ_GL538193.1	4.2893097091581266e-05	1.701664227614607e-05	2.0	1.701664227614607e-05	0.0	3.4851881881062806e-05	1.701664227614607e-05	2.0	1.701664227614607e-05	0.0
ti|1120941|org|Actinomyces_dentalis_DSM_19115|accession|NZ_AUBL01000091.1	4.2856252691812066e-05	2.5524963414219107e-05	3.0	2.5524963414219107e-05	0.0	4.2856252691812066e-05	2.5524963414219107e-05	3.0	2.5524963414219107e-05	0.0
ti|1197720|org|Microbacterium_barkeri_2011-R4|accession|NZ_AKVP01000087.1	4.254810514322611e-05	0.00018718306503760678	22.0	0.00018718306503760678	0.0	2.663383645731218e-05	9.786505726409951e-05	11.502275910364144	6.806656910458428e-05	7.657489024265732e-05
ti|80878|org|Acidovorax_temperans|accession|NZ_JXYQ01000080.1	4.143186542914894e-05	8.508321138073035e-06	1.0	8.508321138073035e-06	0.0	4.605756147192496e-05	1.550095052790689e-05	1.8218577174459527	8.508321138073035e-06	7.657489024265732e-05
ti|5599|org|Alternaria_alternata|accession|NW_017306190.1	4.135177334551892e-05	8.508321138073035e-06	1.0	8.508321138073035e-06	0.0	3.951764063585758e-05	8.508321138073035e-06	1.0	8.508321138073035e-06	0.0
ti|518637|org|Holdemanella_biformis_DSM_3989|accession|NZ_DS996836.1	4.135177334551892e-05	8.508321138073035e-06	1.0	8.508321138073035e-06	0.0	4.135177334551892e-05	8.508321138073035e-06	1.0	8.508321138073035e-06	0.0
ti|500485|org|Penicillium_rubens_Wisconsin_54-1255|accession|NW_003020110.1	4.135177334551892e-05	8.508321138073035e-06	1.0	8.508321138073035e-06	0.0	4.135177334551892e-05	8.508321138073035e-06	1.0	8.508321138073035e-06	0.0
ti|500485|org|Penicillium_rubens_Wisconsin_54-1255|accession|NW_003020081.2	4.135177334551892e-05	8.508321138073035e-06	1.0	8.508321138073035e-06	0.0	4.135177334551892e-05	8.508321138073035e-06	1.0	8.508321138073035e-06	0.0
ti|500485|org|Penicillium_rubens_Wisconsin_54-1255|accession|NW_003020077.1	4.135177334551892e-05	8.508321138073035e-06	1.0	8.508321138073035e-06	0.0	4.135177334551908e-05	8.98100564574376e-06	1.0555555555555556	8.508321138073035e-06	8.508321138073035e-06
ti|322095|org|Porphyromonas_somerae|accession|NZ_KQ960453.1	4.135177334551892e-05	1.701664227614607e-05	2.0	1.701664227614607e-05	0.0	4.135177334551892e-05	1.701664227614607e-05	2.0	1.701664227614607e-05	0.0
ti|322095|org|Porphyromonas_somerae|accession|NZ_KQ960446.1	4.135177334551892e-05	8.508321138073035e-06	1.0	8.508321138073035e-06	0.0	4.135177334551892e-05	8.508321138073035e-06	1.0	8.508321138073035e-06	0.0
ti|306537|org|Corynebacterium_jeikeium_K411|accession|NC_007164.1	4.135177334551892e-05	8.508321138073035e-06	1.0	8.508321138073035e-06	0.0	4.203326634611901e-05	8.508321138073035e-06	1.0	8.508321138073035e-06	0.0
ti|211589|org|Herbaspirillum_chlorophenolicum|accession|NZ_LFLT01000168.1	4.135177334551892e-05	8.508321138073035e-06	1.0	8.508321138073035e-06	0.0	4.135177334551892e-05	8.508321138073035e-06	1.0	8.508321138073035e-06	0.0
ti|1778|org|Mycobacterium_gordonae|accession|NZ_LQOY01000200.1	4.135177334551892e-05	8.508321138073035e-06	1.0	8.508321138073035e-06	0.0	4.135177334551892e-05	8.508321138073035e-06	1.0	8.508321138073035e-06	0.0
ti|1778|org|Mycobacterium_gordonae|accession|NZ_LQOY01000123.1	4.135177334551892e-05	8.508321138073035e-06	1.0	8.508321138073035e-06	0.0	4.135177334551892e-05	8.508321138073035e-06	1.0	8.508321138073035e-06	0.0
ti|1778|org|Mycobacterium_gordonae|accession|NZ_LQOY01000094.1	4.135177334551892e-05	8.508321138073035e-06	1.0	8.508321138073035e-06	0.0	4.135177334551892e-05	8.508321138073035e-06	1.0	8.508321138073035e-06	0.0
ti|1123276|org|Spirosoma_luteum_DSM_19990|accession|NZ_KB893298.1	4.135177334551892e-05	8.508321138073035e-06	1.0	8.508321138073035e-06	0.0	3.951764063585758e-05	8.508321138073035e-06	1.0	8.508321138073035e-06	0.0
ti|1123263|org|Solobacterium_moorei_DSM_22971|accession|NZ_AUKY01000146.1	4.135177334551892e-05	8.508321138073035e-06	1.0	8.508321138073035e-06	0.0	4.135177334551892e-05	8.508321138073035e-06	1.0	8.508321138073035e-06	0.0
ti|1120943|org|Actinomyces_gerencseriae_DSM_6844|accession|NZ_AUBN01000027.1	4.135177334551892e-05	8.508321138073035e-06	1.0	8.508321138073035e-06	0.0	3.0419890463670974e-05	8.508321138073035e-06	1.0	8.508321138073035e-06	0.0
ti|1176165|org|Brevibacterium_ravenspurgense_5401308_=_CCUG_53855|accession|NZ_CAJD01000025.1	4.0792881053560375e-05	1.701664227614607e-05	2.0	1.701664227614607e-05	0.0	2.8348699789045294e-05	8.508321138073035e-06	1.0	8.508321138073035e-06	0.0
ti|1217656|org|Acinetobacter_guillouiae_NIPH_991|accession|NZ_KB849455.1	3.961993357933751e-05	4.254160569036518e-05	5.0	4.254160569036518e-05	0.0	5.609698227203493e-05	2.5029226613375912e-05	2.9417350623232976	8.508321138073035e-06	0.00012762481707109553
ti|1547597|org|Sanguibacteroides_justesenii|accession|NZ_JPIU01000018.1	3.464233479988812e-05	5.955824796651125e-05	7.0	5.955824796651125e-05	0.0	3.4157020041027125e-05	5.955824796651125e-05	7.0	5.955824796651125e-05	0.0
ti|1206725|org|Nocardia_brevicatena_NBRC_12119|accession|NZ_BAFU01000121.1	3.290497288354348e-05	0.00010209985365687643	12.0	0.00010209985365687643	0.0	3.385933385420305e-05	0.0001191164959330225	14.0	0.0001191164959330225	0.0
ti|411466|org|Schaalia_odontolytica_ATCC_17982|accession|NZ_DS264586.1	3.262122542700142e-05	5.955824796651125e-05	7.0	5.955824796651125e-05	0.0	9.627590381016572e-06	3.587675413220796e-05	4.216666666666666	3.403328455229214e-05	1.701664227614607e-05
ti|883163|org|Sphingobium_yanoikuyae_ATCC_51230|accession|NZ_JH992904.1	3.1612679845095294e-05	3.403328455229214e-05	4.0	3.403328455229214e-05	0.0	3.0300073585508277e-05	3.120709396447068e-05	3.667832167832168	2.5524963414219107e-05	2.5524963414219107e-05
ti|1236504|org|Prevotella_histicola_JCM_15637_=_DNF00424|accession|NZ_BAJX01000023.1	3.150904818821925e-05	2.5524963414219107e-05	3.0	2.5524963414219107e-05	0.0	3.150904818821925e-05	2.5524963414219107e-05	3.0	2.5524963414219107e-05	0.0
ti|214688|org|Gemmata_obscuriglobus_UQM_2246|accession|NZ_ABGO01000772.1	3.134689795362181e-05	1.701664227614607e-05	2.0	3.403328455229214e-05	0.0	3.134689795362181e-05	1.701664227614607e-05	2.0	3.403328455229214e-05	0.0
ti|214688|org|Gemmata_obscuriglobus_UQM_2246|accession|NZ_ABGO01000719.1	3.134689795362181e-05	1.701664227614607e-05	2.0	3.403328455229214e-05	0.0	3.134689795362181e-05	1.701664227614607e-05	2.0	3.403328455229214e-05	0.0
ti|1206725|org|Nocardia_brevicatena_NBRC_12119|accession|NZ_BAFU01000131.1	2.9867908756798162e-05	0.0001446414593472416	17.0	0.0001446414593472416	0.0	3.666572350971017e-05	0.000180801824184052	21.25	0.00016165810162338767	2.5524963414219107e-05
ti|908338|org|Peptoniphilus_harei_ACS-146-V-Sch2b|accession|NZ_AENP01000013.1	2.9783441525410508e-05	2.5524963414219107e-05	3.0	2.5524963414219107e-05	0.0	9.543598012113463e-06	8.508321138073035e-06	0.9999999999999999	0.0	2.5524963414219107e-05
ti|477641|org|Modestobacter_marinus|accession|NC_017955.1	2.9645329232341908e-05	1.701664227614607e-05	2.0	1.701664227614607e-05	0.0	4.134594179313575e-06	9.075542547277904e-06	1.0666666666666667	8.508321138073035e-06	8.508321138073035e-06
ti|237258|org|Cloacibacterium_normanense|accession|NZ_FNJE01000023.1	2.9547616184606174e-05	2.9779123983255626e-05	3.5	5.955824796651125e-05	0.0	2.7804803496666832e-05	2.0089091576005778e-05	2.361111111111111	8.508321138073035e-06	4.254160569036518e-05
ti|237258|org|Cloacibacterium_normanense|accession|NZ_FNJE01000003.1	2.9547616184606174e-05	2.9779123983255626e-05	3.5	5.955824796651125e-05	0.0	2.7804803496666832e-05	2.0089091576005778e-05	2.361111111111111	8.508321138073035e-06	4.254160569036518e-05
ti|553184|org|Atopobium_rimae_ATCC_49626|accession|NZ_ACFE01000007.1	2.905932061771236e-05	2.5524963414219107e-05	3.0	2.5524963414219107e-05	0.0	2.7268906946860156e-05	1.762437950029414e-05	2.071428571428571	1.701664227614607e-05	8.508321138073035e-06
ti|1236504|org|Prevotella_histicola_JCM_15637_=_DNF00424|accession|NZ_BAJX01000013.1	2.8588748117258512e-05	5.1049926828438214e-05	6.0	5.1049926828438214e-05	0.0	2.8588748117258512e-05	5.1049926828438214e-05	6.0	5.1049926828438214e-05	0.0
ti|1575|org|Leifsonia_xyli|accession|NZ_JVKI01000003.1	2.8324720558436077e-05	8.508321138073035e-06	1.0	8.508321138073035e-06	0.0	1.3078178003616342e-05	2.154885255557713e-06	0.25326797385620914	0.0	2.5524963414219107e-05
ti|638301|org|Granulicatella_adiacens_ATCC_49175|accession|NZ_GG694020.1	2.8231155995681854e-05	2.5524963414219107e-05	3.0	2.5524963414219107e-05	0.0	1.7092802812456316e-05	2.127080284518259e-05	2.5	1.701664227614607e-05	8.508321138073035e-06
ti|1287475|org|Corynebacterium_freneyi_DNF00450|accession|NZ_JRNE01000059.1	2.8196718200415276e-05	8.508321138073035e-06	1.0	0.0	1.701664227614607e-05	2.1386048064844915e-05	8.508321138073035e-06	1.0	0.0	3.403328455229214e-05
ti|1287475|org|Corynebacterium_freneyi_DNF00450|accession|NZ_JRNE01000043.1	2.8196718200415276e-05	8.508321138073035e-06	1.0	0.0	1.701664227614607e-05	2.1386048064844915e-05	8.508321138073035e-06	1.0	0.0	3.403328455229214e-05
ti|1219043|org|Sphingomonas_changbaiensis_NBRC_104936|accession|NZ_BBWU01000045.1	2.7690758051946658e-05	2.5524963414219107e-05	3.0	2.5524963414219107e-05	0.0	2.5425877694190687e-05	1.7889864708737777e-05	2.1026315789473684	1.701664227614607e-05	1.701664227614607e-05
ti|467210|org|Lachnoanaerobaculum_saburreum|accession|NZ_KQ959792.1	2.6936122399418957e-05	2.5524963414219107e-05	3.0	2.5524963414219107e-05	0.0	2.8991248254925417e-05	2.7226627641833715e-05	3.2	2.5524963414219107e-05	8.508321138073035e-06
ti|1125702|org|Treponema_vincentii_F0403|accession|NZ_KE332514.1	2.6674422839218584e-05	1.701664227614607e-05	2.0	3.403328455229214e-05	0.0	2.491579622281999e-05	1.191164959330225e-05	1.4	0.0	3.403328455229214e-05
ti|1125702|org|Treponema_vincentii_F0403|accession|NZ_KE332512.1	2.6674422839218584e-05	1.701664227614607e-05	2.0	3.403328455229214e-05	0.0	2.491579622281999e-05	1.191164959330225e-05	1.4	0.0	3.403328455229214e-05
ti|350058|org|Mycolicibacterium_vanbaalenii_PYR-1|accession|NC_008726.1	2.6670780800284424e-05	8.508321138073035e-06	1.0	8.508321138073035e-06	0.0	8.903260782177175e-06	2.836107046024345e-06	0.3333333333333333	0.0	8.508321138073035e-06
ti|5599|org|Alternaria_alternata|accession|NW_017306200.1	2.666945266669802e-05	8.508321138073035e-06	1.0	8.508321138073035e-06	0.0	2.1942278556953658e-05	8.508321138073035e-06	1.0	8.508321138073035e-06	0.0
ti|546271|org|Selenomonas_sputigena_ATCC_35185|accession|NC_015437.1	2.666945266669802e-05	1.701664227614607e-05	2.0	1.701664227614607e-05	0.0	2.666945266669802e-05	9.217347899579122e-06	1.0833333333333333	8.508321138073035e-06	8.508321138073035e-06
ti|435830|org|Actinomyces_graevenitzii_C83|accession|NZ_JH470342.1	2.666945266669802e-05	8.508321138073035e-06	1.0	8.508321138073035e-06	0.0	2.8737041333973966e-05	8.933737194976688e-06	1.05	8.508321138073035e-06	8.508321138073035e-06
ti|398694|org|Mycobacterium_shinjukuense|accession|NZ_MVIK01000018.1	2.666945266669802e-05	8.508321138073035e-06	1.0	8.508321138073035e-06	0.0	1.8376593325440105e-05	8.508321138073035e-06	1.0	8.508321138073035e-06	0.0
ti|214688|org|Gemmata_obscuriglobus_UQM_2246|accession|NZ_ABGO01000704.1	2.666945266669802e-05	8.508321138073035e-06	1.0	8.508321138073035e-06	0.0	2.666945266669802e-05	8.508321138073035e-06	1.0	8.508321138073035e-06	0.0
ti|211586|org|Shewanella_oneidensis_MR-1|accession|NC_004347.2	2.666945266669802e-05	1.701664227614607e-05	2.0	1.701664227614607e-05	0.0	2.807357246115834e-05	1.5466325561348493e-05	1.8177881758764112	8.508321138073035e-06	5.1049926828438214e-05
ti|1123263|org|Solobacterium_moorei_DSM_22971|accession|NZ_AUKY01000166.1	2.666945266669802e-05	8.508321138073035e-06	1.0	8.508321138073035e-06	0.0	2.666945266669802e-05	8.508321138073035e-06	1.0	8.508321138073035e-06	0.0
ti|1122993|org|Prevotella_veroralis_DSM_19559_=_JCM_6290|accession|NZ_KB898335.1	2.666945266669802e-05	8.508321138073035e-06	1.0	8.508321138073035e-06	0.0	2.666945266669802e-05	8.508321138073035e-06	1.0	8.508321138073035e-06	0.0
ti|1506151|org|Aspergillus_pseudonomius|accession|NW_022475999.1	2.6669452590729974e-05	8.508321138073035e-05	10.0	8.508321138073035e-05	0.0	1.4094389651069242e-05	2.1151387811665778e-05	2.485964912280702	1.701664227614607e-05	3.403328455229214e-05
ti|743721|org|Pseudoxanthomonas_suwonensis_11-1|accession|NC_014924.1	2.610890029982996e-05	1.701664227614607e-05	2.0	1.701664227614607e-05	0.0	1.7825416943304703e-06	7.734837398248214e-07	0.09090909090909091	0.0	8.508321138073035e-06
ti|401472|org|Corynebacterium_ureicelerivorans|accession|NZ_CP009215.1	2.5819123317361667e-05	2.5524963414219107e-05	3.0	2.5524963414219107e-05	0.0	2.6305049146787907e-05	3.1480788210870234e-05	3.7	2.5524963414219107e-05	1.701664227614607e-05
ti|553178|org|Capnocytophaga_gingivalis_ATCC_33624|accession|NZ_ACLQ01000011.1	2.4887117895456453e-05	3.828744512132866e-05	4.5	5.1049926828438214e-05	2.5524963414219107e-05	3.346839740272792e-05	4.828889320422039e-05	5.675490196078431	2.5524963414219107e-05	0.00010209985365687643
ti|553178|org|Capnocytophaga_gingivalis_ATCC_33624|accession|NZ_ACLQ01000008.1	2.4887117895456453e-05	3.828744512132866e-05	4.5	5.1049926828438214e-05	2.5524963414219107e-05	3.346839740272792e-05	4.828889320422039e-05	5.675490196078431	2.5524963414219107e-05	0.00010209985365687643
ti|1513592|org|Colwellia_marinimaniae|accession|NZ_BDQM01000497.1	2.4615995490671264e-05	2.5524963414219107e-05	3.0	2.5524963414219107e-05	0.0	2.4615995490671264e-05	2.5524963414219107e-05	3.0	2.5524963414219107e-05	0.0
ti|1302863|org|Streptococcus_cristatus_AS_1.3089|accession|NC_021175.1	2.3645163208272612e-05	4.254160569036518e-05	5.0	4.254160569036518e-05	0.0	0.00017101969002552756	8.525254184884302e-05	10.019901748578217	8.508321138073035e-06	0.0004339243780417248
ti|237610|org|Pseudomonas_psychrotolerans|accession|NZ_CP018758.1	2.3344152334719426e-05	2.5524963414219107e-05	3.0	2.5524963414219107e-05	0.0	0.00018701355137474375	0.00013410091700508407	15.76114897744154	8.508321138073035e-06	0.000731715617874281
ti|261164|org|Psychrobacter_alimentarius|accession|NZ_CP014945.1	2.2946052097819396e-05	2.5524963414219107e-05	3.0	2.5524963414219107e-05	0.0	1.3783633875456573e-05	1.3830192595024601e-05	1.6254901960784314	8.508321138073035e-06	2.5524963414219107e-05
ti|42354|org|Nitrosomonas_oligotropha|accession|NZ_FNOE01000002.1	2.235749794399929e-05	6.806656910458428e-05	8.0	6.806656910458428e-05	0.0	4.584792702139382e-05	7.282121915233098e-05	8.558823529411764	5.955824796651125e-05	2.5524963414219107e-05
ti|887325|org|Lachnoanaerobaculum_saburreum_DSM_3986|accession|NZ_GL622297.1	2.2271846932276234e-05	0.00010209985365687643	12.0	0.00010209985365687643	0.0	1.7124283790056857e-05	8.834473448365835e-05	10.383333333333333	7.657489024265732e-05	4.254160569036518e-05
ti|1509407|org|Aspergillus_nomius_NRRL_13137|accession|NW_015379041.1	2.22067272946912e-05	0.00022972467072797197	27.0	0.00022972467072797197	0.0	0.0018880808403513995	0.004659116139393798	547.5952380952319	0.000978456930878399	0.014132321410339313
ti|592308|org|Kytococcus_aerolatus|accession|NZ_FYEZ01000005.1	2.218627050122055e-05	1.701664227614607e-05	2.0	1.701664227614607e-05	0.0	1.0870821222308898e-05	8.508321138073035e-06	1.0	0.0	1.701664227614607e-05
ti|580327|org|Thermoanaerobacterium_thermosaccharolyticum_DSM_571|accession|NC_014410.1	2.2162488646134412e-05	0.00016165810162338767	19.0	0.00016165810162338767	0.0	2.029597061124275e-06	9.394604589955643e-06	1.1041666666666667	0.0	2.5524963414219107e-05
ti|1236504|org|Prevotella_histicola_JCM_15637_=_DNF00424|accession|NZ_BAJX01000006.1	2.1899846184894122e-05	4.254160569036518e-05	5.0	4.254160569036518e-05	0.0	2.1899846184894122e-05	4.254160569036518e-05	5.0	4.254160569036518e-05	0.0
ti|1678131|org|Pseudorhodobacter_psychrotolerans|accession|NZ_LGIC01000093.1	2.1075043737000886e-05	1.701664227614607e-05	2.0	3.403328455229214e-05	0.0	2.0397639881620402e-05	9.0400912092026e-06	1.0625	0.0	2.5524963414219107e-05
ti|1678131|org|Pseudorhodobacter_psychrotolerans|accession|NZ_LGIC01000003.1	2.1075043737000886e-05	1.701664227614607e-05	2.0	3.403328455229214e-05	0.0	2.0397639881620402e-05	9.0400912092026e-06	1.0625	0.0	2.5524963414219107e-05
ti|1236504|org|Prevotella_histicola_JCM_15637_=_DNF00424|accession|NZ_BAJX01000003.1	2.101670432718252e-05	3.403328455229214e-05	4.0	3.403328455229214e-05	0.0	2.101670432718252e-05	3.403328455229214e-05	4.0	3.403328455229214e-05	0.0
ti|887325|org|Lachnoanaerobaculum_saburreum_DSM_3986|accession|NZ_GL622312.1	2.1001911242164568e-05	6.806656910458428e-05	8.0	6.806656910458428e-05	0.0	4.790405776753502e-05	7.90838013892161e-05	9.294877344877346	5.955824796651125e-05	7.657489024265732e-05
ti|1120948|org|Actinomycetospora_chiangmaiensis_DSM_45062|accession|NZ_KB903241.1	2.0905783358465843e-05	1.701664227614607e-05	2.0	1.701664227614607e-05	0.0	1.7516075716281446e-05	1.701664227614607e-05	2.0	1.701664227614607e-05	0.0
ti|591159|org|Streptomyces_viridochromogenes_DSM_40736|accession|NZ_GG657757.1	1.9773600206637753e-05	8.508321138073035e-06	1.0	8.508321138073035e-06	0.0	1.8479131059623078e-05	4.435588005068958e-06	0.5213235294117647	0.0	4.254160569036518e-05
ti|446462|org|Actinosynnema_mirum_DSM_43827|accession|NC_013093.1	1.871696071426021e-05	1.701664227614607e-05	2.0	1.701664227614607e-05	0.0	3.1441105674740293e-06	8.732224325917063e-07	0.10263157894736842	0.0	1.701664227614607e-05
ti|879243|org|Porphyromonas_asaccharolytica_DSM_20707|accession|NC_015501.1	1.7726176593087595e-05	1.701664227614607e-05	2.0	1.701664227614607e-05	0.0	2.9462082627965764e-06	4.7268450767072416e-07	0.05555555555555555	0.0	8.508321138073035e-06
ti|592010|org|Abiotrophia_defectiva_ATCC_49176|accession|NZ_KI535341.1	1.758339986767318e-05	8.508321138073035e-06	1.0	8.508321138073035e-06	0.0	8.78804651332784e-06	4.2541605690365176e-06	0.5	8.508321138073035e-06	0.0
ti|336722|org|Zymoseptoria_tritici_IPO323|accession|NC_018212.1	1.7305704620906975e-05	1.701664227614607e-05	2.0	1.701664227614607e-05	0.0	4.178021767465576e-06	6.381240853554777e-06	0.75	0.0	3.403328455229214e-05
ti|362948|org|Lactobacillus_salivarius_UCC118|accession|NC_007929.1	1.7218428951198956e-05	8.508321138073035e-06	1.0	8.508321138073035e-06	0.0	1.722134897101476e-05	8.508321138073035e-06	1.0	8.508321138073035e-06	0.0
ti|449673|org|Bacteroides_stercoris_ATCC_43183|accession|NZ_DS499676.1	1.7200222582596277e-05	8.508321138073035e-06	1.0	8.508321138073035e-06	0.0	1.8870329516583831e-06	9.453690153414483e-07	0.1111111111111111	0.0	8.508321138073035e-06
ti|655863|org|Grosmannia_clavigera_kw1407|accession|NW_014040699.1	1.7200222578080364e-05	8.508321138073035e-06	1.0	8.508321138073035e-06	0.0	1.7200222578080364e-05	8.508321138073035e-06	1.0	8.508321138073035e-06	0.0
ti|588932|org|Brevundimonas_naejangsanensis|accession|NZ_CP015614.1	1.7200222578080364e-05	8.508321138073035e-06	1.0	8.508321138073035e-06	0.0	1.6403548499461984e-05	8.508321138073035e-06	1.0	8.508321138073035e-06	0.0
ti|559292|org|Saccharomyces_cerevisiae_S288C|accession|NC_001144.5	1.7200222578080364e-05	1.701664227614607e-05	2.0	1.701664227614607e-05	0.0	1.7245003049049784e-05	9.0400912092026e-06	1.0625	8.508321138073035e-06	8.508321138073035e-06
ti|445970|org|Alistipes_putredinis_DSM_17216|accession|NZ_DS499570.1	1.7200222578080364e-05	8.508321138073035e-06	1.0	8.508321138073035e-06	0.0	1.7200222578080364e-05	8.508321138073035e-06	1.0	8.508321138073035e-06	0.0
ti|334413|org|Finegoldia_magna_ATCC_29328|accession|NC_010376.1	1.7200222578080364e-05	1.701664227614607e-05	2.0	1.701664227614607e-05	0.0	1.7200222578080364e-05	1.701664227614607e-05	2.0	1.701664227614607e-05	0.0
ti|214688|org|Gemmata_obscuriglobus_UQM_2246|accession|NZ_ABGO01000752.1	1.7200222578080364e-05	8.508321138073035e-06	1.0	8.508321138073035e-06	0.0	1.7200222578080364e-05	8.508321138073035e-06	1.0	8.508321138073035e-06	0.0
ti|1870984|org|Anaerococcus_mediterraneensis|accession|NZ_LT635772.1	1.7200222578080364e-05	8.508321138073035e-06	1.0	8.508321138073035e-06	0.0	1.1471105975645083e-05	8.508321138073035e-06	1.0	8.508321138073035e-06	0.0
ti|1778|org|Mycobacterium_gordonae|accession|NZ_LQOY01000246.1	1.7200222578080364e-05	8.508321138073035e-06	1.0	8.508321138073035e-06	0.0	1.7200222578080364e-05	8.508321138073035e-06	1.0	8.508321138073035e-06	0.0
ti|1778|org|Mycobacterium_gordonae|accession|NZ_LQOY01000081.1	1.7200222578080364e-05	8.508321138073035e-06	1.0	8.508321138073035e-06	0.0	1.7200222578080364e-05	8.508321138073035e-06	1.0	8.508321138073035e-06	0.0
ti|1526658|org|Bosea_vaviloviae|accession|NZ_CP017147.1	1.7200222578080364e-05	2.5524963414219107e-05	3.0	2.5524963414219107e-05	0.0	1.1389273372394895e-05	8.508321138073035e-06	1.0	8.508321138073035e-06	0.0
ti|1513592|org|Colwellia_marinimaniae|accession|NZ_BDQM01000537.1	1.7200222578080364e-05	8.508321138073035e-06	1.0	8.508321138073035e-06	0.0	1.7200222578080364e-05	8.508321138073035e-06	1.0	8.508321138073035e-06	0.0
ti|146827|org|Corynebacterium_simulans|accession|NZ_CP014634.1	1.7200222578080364e-05	8.508321138073035e-06	1.0	8.508321138073035e-06	0.0	2.226973221206721e-05	1.5740394105435117e-05	1.85	8.508321138073035e-06	2.5524963414219107e-05
ti|1219050|org|Sphingomonas_paucimobilis_NBRC_13935|accession|NZ_BBJS01000007.1	1.7200222578080364e-05	8.508321138073035e-06	1.0	8.508321138073035e-06	0.0	1.7200222578080364e-05	8.508321138073035e-06	1.0	8.508321138073035e-06	0.0
ti|1219012|org|Rhodococcus_corynebacterioides_NBRC_14404|accession|NZ_BCWV01000011.1	1.7200222578080364e-05	8.508321138073035e-06	1.0	8.508321138073035e-06	0.0	8.997664243339266e-06	8.508321138073035e-06	1.0	8.508321138073035e-06	0.0
ti|655827|org|Metarhizium_acridum_CQMa_102|accession|NW_006916746.1	1.7160590327920233e-05	3.403328455229214e-05	4.0	3.403328455229214e-05	0.0	9.017200889168602e-06	1.7867474389953376e-05	2.1	8.508321138073035e-06	2.5524963414219107e-05
ti|649764|org|Slackia_exigua_ATCC_700122|accession|NZ_GG700631.1	1.6705387651494784e-05	1.701664227614607e-05	2.0	1.701664227614607e-05	0.0	1.415644419112497e-05	1.2762481707109554e-05	1.5	1.701664227614607e-05	0.0
ti|743972|org|Actinobacillus_suis_ATCC_33415|accession|NZ_CP009159.1	1.6510724339386427e-05	3.403328455229214e-05	4.0	3.403328455229214e-05	0.0	9.97582624110324e-06	1.2340441968117835e-05	1.4503968253968254	0.0	8.508321138073035e-05
ti|1037409|org|Bradyrhizobium_japonicum_USDA_6|accession|NC_017249.1	1.482803649898448e-05	2.5524963414219107e-05	3.0	2.5524963414219107e-05	0.0	2.616630466289155e-05	1.6035821922729318e-05	1.8847222222222222	0.0	5.1049926828438214e-05
ti|641147|org|Simonsiella_muelleri_ATCC_29453|accession|NZ_JH815315.1	1.4780712446516576e-05	2.836107046024345e-06	0.3333333333333333	0.0	8.508321138073035e-06	2.8449185410607554e-05	6.587503184174728e-06	0.7742424242424242	0.0	3.403328455229214e-05
ti|641147|org|Simonsiella_muelleri_ATCC_29453|accession|NZ_JH815305.1	1.4780712446516576e-05	2.836107046024345e-06	0.3333333333333333	0.0	8.508321138073035e-06	2.8449185410607554e-05	6.587503184174728e-06	0.7742424242424242	0.0	3.403328455229214e-05
ti|641147|org|Simonsiella_muelleri_ATCC_29453|accession|NZ_JH815303.1	1.4780712446516576e-05	2.836107046024345e-06	0.3333333333333333	0.0	8.508321138073035e-06	2.8449185410607554e-05	6.587503184174728e-06	0.7742424242424242	0.0	3.403328455229214e-05
ti|701347|org|[Enterobacter]_lignolyticus_SCF1|accession|NC_014618.1	1.4263292374861687e-05	5.1049926828438214e-05	6.0	5.1049926828438214e-05	0.0	0.00017607478011604167	8.791829951542564e-05	10.333213578647007	0.0	0.0007402239390123541
ti|435837|org|Staphylococcus_hominis_subsp._hominis_C80|accession|NZ_GL545256.1	1.4228259928364199e-05	3.403328455229214e-05	4.0	3.403328455229214e-05	0.0	7.381626252475177e-05	5.389695725594234e-05	6.334617180205415	3.403328455229214e-05	0.00011060817479494947
ti|418459|org|Puccinia_graminis_f._sp._tritici_CRL_75-36-700-3|accession|NW_003526581.1	1.3938754040118664e-05	8.508321138073035e-06	1.0	8.508321138073035e-06	0.0	1.3334726333349012e-05	4.2541605690365176e-06	0.5	8.508321138073035e-06	0.0
ti|467210|org|Lachnoanaerobaculum_saburreum|accession|NZ_KQ959773.1	1.3900458019106331e-05	3.403328455229214e-05	4.0	3.403328455229214e-05	0.0	1.714836192070029e-05	3.474231131379823e-05	4.083333333333333	3.403328455229214e-05	8.508321138073035e-06
ti|526221|org|Verticillium_alfalfae_VaMs.102|accession|NW_003315035.1	1.3813537702824975e-05	8.508321138073035e-06	1.0	8.508321138073035e-06	0.0	2.4736145508836976e-05	1.869045343431714e-05	2.1967263730421625	0.0	0.00011060817479494947
ti|1547597|org|Sanguibacteroides_justesenii|accession|NZ_JPIU01000011.1	1.3694338379049132e-05	9.359153251880339e-05	11.0	9.359153251880339e-05	0.0	1.3687898118371978e-05	6.806656910458428e-05	8.0	6.806656910458428e-05	0.0
ti|211589|org|Herbaspirillum_chlorophenolicum|accession|NZ_LFLT01000090.1	1.3665098737156421e-05	4.254160569036518e-05	5.0	4.254160569036518e-05	0.0	0.0005376743779040908	0.000277067128967037	32.56425380175379	0.00015314978048531464	0.0005785658373889664
ti|1035839|org|Haemophilus_sputorum_CCUG_13788|accession|NZ_AFNK01000005.1	1.3434130200674048e-05	4.254160569036518e-05	5.0	4.254160569036518e-05	0.0	1.4766383728854179e-05	5.5331892368514175e-05	6.503267973856208	5.1049926828438214e-05	2.5524963414219107e-05
ti|1510458|org|Pseudoruegeria_sabulilitoris|accession|NZ_LOAS01000105.1	1.3368918701227175e-05	0.00020419970731375286	24.0	0.00020419970731375286	0.0	1.591842850260662e-05	0.0002316601893962237	27.227485380116963	0.00019569138617567982	7.657489024265732e-05
ti|1814289|org|Sanguibacter_gelidistatuariae|accession|NZ_FMYH01000018.1	1.333472633334901e-05	4.2541605690365176e-06	0.5	8.508321138073035e-06	0.0	1.333472633334901e-05	4.2541605690365176e-06	0.5	8.508321138073035e-06	0.0
ti|1223525|org|Sanguibacter_suarezii_NBRC_16159|accession|NZ_BCRT01000028.1	1.333472633334901e-05	4.2541605690365176e-06	0.5	8.508321138073035e-06	0.0	1.333472633334901e-05	4.754650047746696e-06	0.5588235294117647	8.508321138073035e-06	8.508321138073035e-06
ti|1236517|org|Prevotella_fusca_JCM_17724|accession|NZ_CP012074.1	1.3085884201466996e-05	1.701664227614607e-05	2.0	1.701664227614607e-05	0.0	6.583577633275331e-05	3.6283600440596e-05	4.2644841269841285	0.0	0.00022972467072797197
ti|1230338|org|Moraxella_macacae_0408225|accession|NZ_ANIN01000001.1	1.2999474546616702e-05	1.701664227614607e-05	2.0	1.701664227614607e-05	0.0	6.677689837842607e-06	1.3262971185819732e-05	1.5588235294117647	0.0	2.5524963414219107e-05
ti|1236504|org|Prevotella_histicola_JCM_15637_=_DNF00424|accession|NZ_BAJX01000010.1	1.2923890599730558e-05	2.5524963414219107e-05	3.0	2.5524963414219107e-05	0.0	1.2923890599730558e-05	2.5524963414219107e-05	3.0	2.5524963414219107e-05	0.0
